-- phpMyAdmin SQL Dump
-- version 5.0.3
-- https://www.phpmyadmin.net/
--
-- Host: 127.0.0.1
-- Waktu pembuatan: 17 Jul 2024 pada 13.23
-- Versi server: 10.4.14-MariaDB
-- Versi PHP: 7.4.11

SET SQL_MODE = "NO_AUTO_VALUE_ON_ZERO";
START TRANSACTION;
SET time_zone = "+00:00";


/*!40101 SET @OLD_CHARACTER_SET_CLIENT=@@CHARACTER_SET_CLIENT */;
/*!40101 SET @OLD_CHARACTER_SET_RESULTS=@@CHARACTER_SET_RESULTS */;
/*!40101 SET @OLD_COLLATION_CONNECTION=@@COLLATION_CONNECTION */;
/*!40101 SET NAMES utf8mb4 */;

--
-- Database: `toko_hera`
--

-- --------------------------------------------------------

--
-- Struktur dari tabel `aset`
--

CREATE TABLE `aset` (
  `id_aset` int(11) NOT NULL,
  `nama_aset` varchar(255) DEFAULT NULL,
  `nilai` varchar(255) DEFAULT NULL
) ENGINE=InnoDB DEFAULT CHARSET=utf8mb4;

--
-- Dumping data untuk tabel `aset`
--

INSERT INTO `aset` (`id_aset`, `nama_aset`, `nilai`) VALUES
(1, 'Gedung', '1500000'),
(4, 'Motor', '5000000');

-- --------------------------------------------------------

--
-- Struktur dari tabel `auth_activation_attempts`
--

CREATE TABLE `auth_activation_attempts` (
  `id` int(11) UNSIGNED NOT NULL,
  `ip_address` varchar(255) NOT NULL,
  `user_agent` varchar(255) NOT NULL,
  `token` varchar(255) DEFAULT NULL,
  `created_at` datetime NOT NULL
) ENGINE=InnoDB DEFAULT CHARSET=utf8;

-- --------------------------------------------------------

--
-- Struktur dari tabel `auth_groups`
--

CREATE TABLE `auth_groups` (
  `id` int(11) UNSIGNED NOT NULL,
  `name` varchar(255) NOT NULL,
  `description` varchar(255) NOT NULL
) ENGINE=InnoDB DEFAULT CHARSET=utf8;

--
-- Dumping data untuk tabel `auth_groups`
--

INSERT INTO `auth_groups` (`id`, `name`, `description`) VALUES
(1, 'admin', 'site administrator'),
(2, 'kasir', 'site super admin'),
(3, 'pemilik', 'regular user'),
(4, 'administrator', 'superadmin');

-- --------------------------------------------------------

--
-- Struktur dari tabel `auth_groups_permissions`
--

CREATE TABLE `auth_groups_permissions` (
  `group_id` int(11) UNSIGNED NOT NULL DEFAULT 0,
  `permission_id` int(11) UNSIGNED NOT NULL DEFAULT 0
) ENGINE=InnoDB DEFAULT CHARSET=utf8;

--
-- Dumping data untuk tabel `auth_groups_permissions`
--

INSERT INTO `auth_groups_permissions` (`group_id`, `permission_id`) VALUES
(1, 1),
(1, 1),
(1, 2),
(1, 2),
(2, 1),
(2, 2),
(3, 2),
(3, 2),
(4, 1),
(4, 2);

-- --------------------------------------------------------

--
-- Struktur dari tabel `auth_groups_users`
--

CREATE TABLE `auth_groups_users` (
  `group_id` int(11) UNSIGNED NOT NULL DEFAULT 0,
  `user_id` int(11) UNSIGNED NOT NULL DEFAULT 0
) ENGINE=InnoDB DEFAULT CHARSET=utf8;

--
-- Dumping data untuk tabel `auth_groups_users`
--

INSERT INTO `auth_groups_users` (`group_id`, `user_id`) VALUES
(1, 1),
(1, 1),
(2, 14),
(3, 15),
(3, 17),
(3, 18),
(3, 19),
(4, 16);

-- --------------------------------------------------------

--
-- Struktur dari tabel `auth_logins`
--

CREATE TABLE `auth_logins` (
  `id` int(11) UNSIGNED NOT NULL,
  `ip_address` varchar(255) DEFAULT NULL,
  `email` varchar(255) DEFAULT NULL,
  `user_id` int(11) UNSIGNED DEFAULT NULL,
  `date` datetime NOT NULL,
  `success` tinyint(1) NOT NULL
) ENGINE=InnoDB DEFAULT CHARSET=utf8;

--
-- Dumping data untuk tabel `auth_logins`
--

INSERT INTO `auth_logins` (`id`, `ip_address`, `email`, `user_id`, `date`, `success`) VALUES
(1, '::1', 'inventaris@gmail.com', 3, '2023-10-02 17:16:08', 1),
(2, '::1', 'inventaris@gmail.com', 3, '2023-10-02 17:25:16', 1),
(3, '::1', 'inventaris@gmail.com', 3, '2023-10-03 06:09:03', 1),
(4, '::1', 'faradila@gmail.com', 4, '2023-10-03 06:25:15', 1),
(5, '::1', 'inventaris@gmail.com', 1, '2023-10-03 07:06:05', 1),
(6, '::1', 'faradila@gmail.com', 4, '2023-10-03 07:07:42', 1),
(7, '::1', 'inventaris@gmail.com', 1, '2023-10-03 07:31:53', 1),
(8, '::1', 'faradila@gmail.com', 4, '2023-10-03 07:32:13', 1),
(9, '::1', 'inventaris@gmail.com', 1, '2023-10-03 07:34:50', 1),
(10, '::1', 'faradila@gmail.com', 4, '2023-10-03 07:44:52', 1),
(11, '::1', 'inventaris@gmail.com', 1, '2023-10-03 07:45:08', 1),
(12, '::1', 'opo@gmail.com', 5, '2023-10-03 07:50:44', 1),
(13, '::1', 'faradila@gmail.com', 4, '2023-10-03 10:56:00', 1),
(14, '::1', 'opo@gmail.com', 5, '2023-10-03 10:56:19', 1),
(15, '::1', 'inventaris@gmail.com', 1, '2023-10-04 03:52:36', 1),
(16, '::1', 'faradila@gmail.com', 4, '2023-10-04 04:00:40', 1),
(17, '::1', 'inventaris@gmail.com', 1, '2023-10-04 04:29:11', 1),
(18, '::1', 'faradila@gmail.com', 4, '2023-10-04 04:29:21', 1),
(19, '::1', 'inventaris@gmail.com', 1, '2023-10-04 04:49:03', 1),
(20, '::1', 'faradila@gmail.com', 4, '2023-10-04 05:37:59', 1),
(21, '::1', 'inventaris@gmail.com', 1, '2023-10-07 17:48:16', 1),
(22, '::1', 'faradila@gmail.com', 4, '2023-10-07 17:48:28', 1),
(23, '::1', 'inventaris@gmail.com', 1, '2023-10-07 18:10:59', 1),
(24, '::1', 'adminfara', NULL, '2023-10-08 09:33:50', 0),
(25, '::1', 'faradila@gmail.com', 4, '2023-10-08 09:34:02', 1),
(26, '::1', 'inventaris@gmail.com', 1, '2023-10-08 09:34:16', 1),
(27, '::1', 'inventaris@gmail.com', 1, '2023-10-08 11:20:33', 1),
(28, '::1', 'inventaris@gmail.com', 1, '2023-10-08 12:25:36', 1),
(29, '::1', 'faradila@gmail.com', 4, '2023-10-09 03:26:48', 1),
(30, '::1', 'inventaris@gmail.com', 1, '2023-10-09 03:27:20', 1),
(31, '::1', 'faradila@gmail.com', 4, '2023-10-09 03:40:00', 1),
(32, '::1', 'inventaris@gmail.com', 1, '2023-10-09 03:40:07', 1),
(33, '::1', 'inventaris@gmail.com', 1, '2023-10-09 06:24:46', 1),
(34, '::1', 'inventaris@gmail.com', 1, '2023-10-09 07:43:57', 1),
(35, '::1', 'inventaris@gmail.com', 1, '2023-10-09 12:58:23', 1),
(36, '::1', 'inventaris@gmail.com', 1, '2023-10-10 06:42:18', 1),
(37, '::1', 'inventaris@gmail.com', 1, '2023-10-10 09:37:37', 1),
(38, '::1', 'inventaris@gmail.com', 1, '2023-10-10 09:38:18', 1),
(39, '::1', 'inventaris@gmail.com', 1, '2023-10-11 03:58:14', 1),
(40, '::1', 'inventaris@gmail.com', 1, '2023-10-11 05:31:36', 1),
(41, '::1', 'inventaris@gmail.com', 1, '2023-10-11 05:38:34', 1),
(42, '::1', 'inventaris@gmail.com', 1, '2023-10-11 07:16:12', 1),
(43, '::1', 'faradila@gmail.com', 4, '2023-10-11 07:21:41', 1),
(44, '::1', 'faradila@gmail.com', 4, '2023-10-11 07:22:12', 1),
(45, '::1', 'faradila@gmail.com', 4, '2023-10-11 07:22:33', 1),
(46, '::1', 'inventaris@gmail.com', 1, '2023-10-11 07:23:28', 1),
(47, '::1', 'inventaris@gmail.com', 1, '2023-10-11 17:27:46', 1),
(48, '::1', 'inventaris@gmail.com', 1, '2023-10-12 16:14:53', 1),
(49, '::1', 'inventaris@gmail.com', 1, '2023-10-12 16:17:48', 1),
(50, '::1', 'inventaris@gmail.com', 1, '2023-10-13 06:10:38', 1),
(51, '::1', 'inventaris@gmail.com', 1, '2023-10-14 05:59:19', 1),
(52, '::1', 'inventaris@gmail.com', 1, '2023-10-14 06:09:07', 1),
(53, '::1', 'Kfc@gmail.com', 6, '2023-10-14 06:10:50', 1),
(54, '::1', 'mcdonalds@gmail.com', 7, '2023-10-14 06:11:57', 1),
(55, '::1', 'faradila@gmail.com', 4, '2023-10-14 07:30:38', 1),
(56, '::1', 'inventaris@gmail.com', 1, '2023-10-15 14:46:57', 1),
(57, '::1', 'inventaris@gmail.com', 1, '2023-10-15 15:09:22', 1),
(58, '::1', 'inventaris@gmail.com', 1, '2023-10-15 16:10:37', 1),
(59, '::1', 'inventaris@gmail.com', 1, '2023-10-17 04:40:38', 1),
(60, '::1', 'inventaris@gmail.com', 1, '2023-10-18 06:17:02', 1),
(61, '::1', 'inventaris@gmail.com', 1, '2023-10-18 10:01:27', 1),
(62, '::1', 'inventaris@gmail.com', 1, '2023-10-19 01:46:00', 1),
(63, '::1', 'inventaris@gmail.com', 1, '2023-10-19 09:54:49', 1),
(64, '::1', 'inventaris@gmail.com', 1, '2023-10-19 18:53:19', 1),
(65, '::1', 'inventaris@gmail.com', 1, '2023-10-20 06:37:41', 1),
(66, '::1', 'inventaris@gmail.com', 1, '2023-10-21 05:14:35', 1),
(67, '::1', 'inventaris@gmail.com', 1, '2023-10-22 04:27:42', 1),
(68, '::1', 'inventaris@gmail.com', 1, '2023-10-22 05:50:46', 1),
(69, '::1', 'inventaris@gmail.com', 1, '2023-10-22 12:43:36', 1),
(70, '::1', 'inventaris@gmail.com', 1, '2023-10-23 04:08:19', 1),
(71, '::1', 'inventaris@gmail.com', 1, '2023-10-23 07:35:56', 1),
(72, '::1', 'inventaris@gmail.com', 1, '2023-10-24 09:27:59', 1),
(73, '::1', 'inventaris@gmail.com', 1, '2023-10-25 03:40:12', 1),
(74, '::1', 'inventaris@gmail.com', 1, '2023-10-25 14:37:06', 1),
(75, '::1', 'inventaris@gmail.com', 1, '2023-10-25 15:31:32', 1),
(76, '::1', 'inventaris@gmail.com', 1, '2023-10-25 15:37:33', 1),
(77, '::1', 'inventaris@gmail.com', 1, '2023-10-25 17:40:57', 1),
(78, '::1', 'inventaris@gmail.com', 1, '2023-10-25 17:57:13', 1),
(79, '::1', 'inventaris@gmail.com', 1, '2023-10-25 18:02:21', 1),
(80, '::1', 'inventaris@gmail.com', 1, '2023-10-25 18:05:54', 1),
(81, '::1', 'inventaris@gmail.com', 1, '2023-10-25 18:12:10', 1),
(82, '::1', 'inventaris@gmail.com', 1, '2023-10-25 18:15:02', 1),
(83, '::1', 'inventaris@gmail.com', 1, '2023-10-26 01:50:54', 1),
(84, '::1', 'inventaris@gmail.com', 1, '2023-10-26 12:41:27', 1),
(85, '::1', 'inventaris@gmail.com', 1, '2023-10-27 02:16:18', 1),
(86, '::1', 'faradila@gmail.com', 4, '2023-10-27 14:35:01', 1),
(87, '::1', 'Kfc@gmail.com', 6, '2023-10-27 14:48:35', 1),
(88, '::1', 'user@gmail.com', 4, '2023-10-27 14:50:07', 1),
(89, '::1', 'user@gmail.com', 4, '2023-10-27 15:57:15', 1),
(90, '::1', 'admin@gmail.com', 1, '2023-10-27 15:57:30', 1),
(91, '::1', 'user@gmail.com', 4, '2023-10-28 03:29:07', 1),
(92, '::1', 'admin@gmail.com', 1, '2023-10-28 07:06:57', 1),
(93, '::1', 'admin@gmail.com', 1, '2023-10-31 07:10:45', 1),
(94, '::1', 'user@gmail.com', 4, '2023-10-31 08:36:57', 1),
(95, '::1', 'admin@gmail.com', 1, '2023-11-01 04:04:22', 1),
(96, '::1', 'admin@gmail.com', 1, '2023-11-02 02:09:19', 1),
(97, '::1', 'admin@gmail.com', 1, '2023-11-03 02:03:37', 1),
(98, '::1', 'admin@gmail.com', 1, '2023-11-03 06:42:22', 1),
(99, '::1', 'user@gmail.com', 4, '2023-11-03 06:50:25', 1),
(100, '::1', 'user@gmail.com', 4, '2023-11-03 08:35:46', 1),
(101, '::1', 'admin@gmail.com', 1, '2023-11-03 08:41:29', 1),
(102, '::1', 'user@gmail.com', 4, '2023-11-03 08:47:44', 1),
(103, '::1', 'admin@gmail.com', 1, '2023-11-03 08:51:29', 1),
(104, '::1', 'admin@gmail.com', 1, '2023-11-03 08:53:07', 1),
(105, '::1', 'user@gmail.com', 4, '2023-11-03 10:23:21', 1),
(106, '::1', 'user', NULL, '2023-11-03 11:06:03', 0),
(107, '::1', 'user', NULL, '2023-11-03 11:06:08', 0),
(108, '::1', 'user', NULL, '2023-11-03 11:06:16', 0),
(109, '::1', 'user', NULL, '2023-11-03 11:08:28', 0),
(110, '::1', 'user@gmail.com', 4, '2023-11-03 11:08:47', 1),
(111, '::1', 'admin@gmail.com', 1, '2023-11-03 11:37:24', 1),
(112, '::1', 'admin@gmail.com', 1, '2023-11-04 06:47:02', 1),
(113, '::1', 'user@gmail.com', 4, '2023-11-04 07:37:48', 1),
(114, '::1', 'admin@gmail.com', 1, '2023-11-04 07:39:13', 1),
(115, '::1', 'admin@gmail.com', 1, '2023-11-04 09:28:22', 1),
(116, '::1', 'user@gmail.com', 4, '2023-11-04 10:02:34', 1),
(117, '::1', 'user@gmail.com', 4, '2023-11-04 15:15:07', 1),
(118, '::1', 'admin@gmail.com', 1, '2023-11-04 15:30:57', 1),
(119, '::1', 'admin@gmail.com', 1, '2023-11-04 15:41:16', 1),
(120, '::1', 'user@gmail.com', 4, '2023-11-04 15:56:33', 1),
(121, '::1', 'user@gmail.com', 4, '2023-11-05 03:35:45', 1),
(122, '::1', 'admin@gmail.com', 1, '2023-11-05 05:55:18', 1),
(123, '::1', 'superadmin@gmail.com', 8, '2023-11-05 10:23:01', 1),
(124, '::1', 'user@gmail.com', 4, '2023-11-05 13:40:55', 1),
(125, '::1', 'ayangkamu@gmail.com', 9, '2023-11-05 17:37:23', 1),
(126, '::1', 'superadmin@gmail.com', 8, '2023-11-05 17:45:52', 1),
(127, '::1', 'ayangkamu@gmail.com', 9, '2023-11-05 18:06:19', 1),
(128, '::1', 'user@gmail.com', 4, '2023-11-06 00:16:03', 1),
(129, '::1', 'user@gmail.com', 4, '2023-11-06 13:40:14', 1),
(130, '::1', 'user@gmail.com', 4, '2023-11-07 03:28:07', 1),
(131, '::1', 'Ratri', NULL, '2023-11-07 03:29:51', 0),
(132, '::1', 'Ratri', NULL, '2023-11-07 03:30:01', 0),
(133, '::1', 'admin@gmail.com', 1, '2023-11-07 03:30:05', 1),
(134, '::1', 'admin@gmail.com', 1, '2023-11-07 08:42:50', 1),
(135, '::1', 'Bayu', NULL, '2023-11-07 08:48:28', 0),
(136, '::1', 'Bayu', NULL, '2023-11-07 08:51:37', 0),
(137, '::1', 'user@gmail.com', 4, '2023-11-07 08:51:48', 1),
(138, '::1', 'user@gmail.com', 4, '2023-11-07 10:57:21', 1),
(139, '::1', 'user@gmail.com', 4, '2023-11-07 11:39:31', 1),
(140, '::1', 'user@gmail.com', 4, '2023-11-07 14:02:35', 1),
(141, '::1', 'admin@gmail.com', 1, '2023-11-07 14:29:55', 1),
(142, '::1', 'user@gmail.com', 4, '2023-11-07 15:24:50', 1),
(143, '::1', 'admin@gmail.com', 1, '2023-11-07 15:24:55', 1),
(144, '::1', 'user@gmail.com', 4, '2023-11-07 16:05:00', 1),
(145, '::1', 'user@gmail.com', 4, '2023-11-07 16:13:35', 1),
(146, '::1', 'user@gmail.com', 4, '2023-11-07 16:16:27', 1),
(147, '::1', 'admin@gmail.com', 1, '2023-11-07 16:24:48', 1),
(148, '::1', 'user@gmail.com', 4, '2023-11-07 16:28:12', 1),
(149, '::1', 'user@gmail.com', 4, '2023-11-07 17:28:40', 1),
(150, '::1', 'admin@gmail.com', 1, '2023-11-07 17:35:12', 1),
(151, '::1', 'juniandri@gmail.com', 4, '2023-11-07 18:05:24', 1),
(152, '::1', 'user@gmail.com', 4, '2023-11-08 03:52:15', 1),
(153, '::1', 'admin@gmail.com', 1, '2023-11-08 04:15:47', 1),
(154, '::1', 'superadmin@gmail.com', 8, '2023-11-08 04:53:48', 1),
(155, '::1', 'admin@gmail.com', 1, '2023-11-08 05:03:47', 1),
(156, '::1', 'superadmin@gmail.com', 8, '2023-11-08 05:08:33', 1),
(157, '::1', 'admin@gmail.com', 1, '2023-11-08 05:52:02', 1),
(158, '::1', 'user@gmail.com', 4, '2023-11-08 06:01:05', 1),
(159, '::1', 'superadmin@gmail.com', 8, '2023-11-08 06:13:38', 1),
(160, '::1', 'admin@gmail.com', 1, '2023-11-09 02:54:48', 1),
(161, '::1', 'admin@gmail.com', 1, '2023-11-09 02:54:49', 1),
(162, '::1', 'admin@gmail.com', 1, '2023-11-09 15:15:52', 1),
(163, '::1', 'admin@gmail.com', 1, '2023-11-10 04:09:09', 1),
(164, '::1', 'admin@gmail.com', 1, '2023-11-10 14:14:56', 1),
(165, '::1', 'admin@gmail.com', 1, '2023-11-11 07:44:12', 1),
(166, '::1', 'user@gmail.com', 4, '2023-11-11 07:44:32', 1),
(167, '::1', 'admin@gmail.com', 1, '2023-11-11 08:02:30', 1),
(168, '::1', 'admin@gmail.com', 1, '2023-11-12 06:29:12', 1),
(169, '::1', 'user', NULL, '2023-11-12 06:32:46', 0),
(170, '::1', 'user', NULL, '2023-11-12 06:32:55', 0),
(171, '::1', 'user@gmail.com', 4, '2023-11-12 06:33:52', 1),
(172, '::1', 'superadmin@gmail.com', 8, '2023-11-12 06:35:50', 1),
(173, '::1', 'admin@gmail.com', 1, '2023-11-12 06:40:00', 1),
(174, '::1', 'user@gmail.com', 4, '2023-11-12 06:42:58', 1),
(175, '::1', 'admin@gmail.com', 1, '2023-11-12 06:59:35', 1),
(176, '::1', 'admin@gmail.com', 1, '2023-11-12 11:43:35', 1),
(177, '::1', 'admin@gmail.com', 1, '2023-11-14 08:49:53', 1),
(178, '::1', 'user@gmail.com', 4, '2023-11-14 09:13:54', 1),
(179, '::1', 'admin@gmail.com', 1, '2023-11-15 04:41:37', 1),
(180, '::1', 'user@gmail.com', 4, '2023-11-15 05:26:25', 1),
(181, '::1', 'admin@gmail.com', 1, '2023-11-16 06:09:13', 1),
(182, '::1', 'user@gmail.com', 4, '2023-11-16 07:19:50', 1),
(183, '::1', 'admin@gmail.com', 1, '2023-11-17 03:39:23', 1),
(184, '::1', 'admin@gmail.com', 1, '2023-11-17 07:23:18', 1),
(185, '::1', 'admin@gmail.com', 1, '2023-11-17 08:42:56', 1),
(186, '::1', 'admin@gmail.com', 1, '2023-11-17 09:34:15', 1),
(187, '::1', 'admin@gmail.com', 1, '2023-11-17 10:19:13', 1),
(188, '::1', 'admin@gmail.com', 1, '2023-11-17 12:51:48', 1),
(189, '::1', 'admin@gmail.com', 1, '2023-11-17 14:46:38', 1),
(190, '::1', 'admin@gmail.com', 1, '2023-11-18 03:59:40', 1),
(191, '::1', 'admin@gmail.com', 1, '2023-11-18 04:28:28', 1),
(192, '::1', 'admin@gmail.com', 1, '2023-11-21 10:07:32', 1),
(193, '::1', 'admin@gmail.com', 1, '2023-11-22 07:55:12', 1),
(194, '::1', 'user@gmail.com', 4, '2023-11-22 07:55:49', 1),
(195, '::1', 'admin@gmail.com', 1, '2023-11-22 08:30:40', 1),
(196, '::1', 'user@gmail.com', 4, '2023-11-22 10:42:10', 1),
(197, '::1', 'superadmin@gmail.com', 8, '2023-11-22 10:44:19', 1),
(198, '::1', 'admin@gmail.com', 1, '2023-11-22 10:47:42', 1),
(199, '::1', 'admin@gmail.com', 1, '2023-11-23 05:10:43', 1),
(200, '::1', 'user@gmail.com', 4, '2023-11-23 05:30:00', 1),
(201, '::1', 'admin@gmail.com', 1, '2023-11-23 14:33:27', 1),
(202, '::1', 'user@gmail.com', 4, '2023-11-23 14:34:26', 1),
(203, '::1', 'admin@gmail.com', 1, '2023-11-23 14:38:12', 1),
(204, '::1', 'superadmin@gmail.com', 8, '2023-11-23 14:41:23', 1),
(205, '::1', 'admin@gmail.com', 1, '2023-11-23 14:43:31', 1),
(206, '::1', 'sadmin', NULL, '2023-11-23 14:47:51', 0),
(207, '::1', 'sadmin', NULL, '2023-11-23 14:47:59', 0),
(208, '::1', 'superadmin@gmail.com', 8, '2023-11-23 14:48:09', 1),
(209, '::1', 'admin@gmail.com', 1, '2023-11-23 14:50:52', 1),
(210, '::1', 'superadmin@gmail.com', 8, '2023-11-23 14:56:14', 1),
(211, '::1', 'admin@gmail.com', 1, '2023-11-23 16:41:43', 1),
(212, '::1', 'admin@gmail.com', 1, '2023-11-24 06:57:19', 1),
(213, '::1', 'user@gmail.com', 4, '2023-11-24 06:58:24', 1),
(214, '::1', 'user@gmail.com', 4, '2023-11-25 15:03:08', 1),
(215, '::1', 'user@gmail.com', 4, '2023-11-26 16:59:35', 1),
(216, '::1', 'admin@gmail.com', 1, '2023-11-26 17:05:44', 1),
(217, '::1', 'superadmin@gmail.com', 8, '2023-11-26 17:21:38', 1),
(218, '::1', 'user@gmail.com', 4, '2023-11-26 17:22:35', 1),
(219, '::1', 'admin@gmail.com', 1, '2023-11-26 17:25:47', 1),
(220, '::1', 'user@gmail.com', 4, '2023-11-26 17:48:04', 1),
(221, '::1', 'admin@gmail.com', 1, '2023-11-26 18:02:22', 1),
(222, '::1', 'admin@gmail.com', 1, '2023-11-27 02:11:51', 1),
(223, '::1', 'user@gmail.com', 4, '2023-11-27 03:35:33', 1),
(224, '::1', 'admin@gmail.com', 1, '2023-11-27 04:39:17', 1),
(225, '::1', 'user@gmail.com', 4, '2023-11-27 12:44:40', 1),
(226, '::1', 'admin@gmail.com', 1, '2023-11-28 05:54:00', 1),
(227, '::1', 'user@gmail.com', 4, '2023-11-28 06:25:26', 1),
(228, '::1', 'admin@gmail.com', 1, '2023-11-28 08:22:31', 1),
(229, '::1', 'admin@gmail.com', 1, '2023-11-28 14:10:20', 1),
(230, '::1', 'user@gmail.com', 4, '2023-11-28 14:14:56', 1),
(231, '::1', 'admin@gmail.com', 1, '2023-11-28 14:27:00', 1),
(232, '::1', 'user@gmail.com', 4, '2023-11-28 16:30:57', 1),
(233, '::1', 'bps@gmail.com', 10, '2023-11-28 16:35:26', 1),
(234, '::1', 'superadmin@gmail.com', 8, '2023-11-28 19:18:14', 1),
(235, '::1', 'admin@gmail.com', 1, '2023-11-29 05:07:42', 1),
(236, '::1', 'user@gmail.com', 4, '2023-11-29 07:12:59', 1),
(237, '::1', 'admin@gmail.com', 1, '2023-11-29 07:15:07', 1),
(238, '::1', 'user@gmail.com', 4, '2023-11-29 07:46:43', 1),
(239, '::1', 'admin@gmail.com', 1, '2023-11-30 06:27:38', 1),
(240, '::1', 'admin@gmail.com', 1, '2023-11-30 06:27:40', 1),
(241, '::1', 'superadmin@gmail.com', 8, '2023-11-30 06:49:24', 1),
(242, '::1', 'admin@gmail.com', 1, '2023-11-30 06:50:37', 1),
(243, '::1', 'superadmin@gmail.com', 8, '2023-11-30 06:51:24', 1),
(244, '::1', 'user@gmail.com', 4, '2023-12-01 06:28:24', 1),
(245, '::1', 'admin@gmail.com', 1, '2023-12-01 06:28:54', 1),
(246, '::1', 'admin', NULL, '2023-12-02 06:13:31', 0),
(247, '::1', 'admin@gmail.com', 1, '2023-12-02 06:13:46', 1),
(248, '::1', 'DrsRahyudin', NULL, '2023-12-02 06:51:39', 0),
(249, '::1', 'admin@gmail.com', 1, '2023-12-02 06:51:59', 1),
(250, '::1', 'admin@gmail.com', 1, '2023-12-04 09:48:18', 1),
(251, '::1', 'admin@gmail.com', 1, '2023-12-04 17:05:36', 1),
(252, '::1', 'admin@gmail.com', 1, '2023-12-04 17:08:43', 1),
(253, '::1', 'admin@gmail.com', 1, '2023-12-04 18:15:41', 1),
(254, '::1', 'admin@gmail.com', 1, '2023-12-05 07:15:10', 1),
(255, '::1', 'admin@gmail.com', 1, '2023-12-06 04:29:02', 1),
(256, '::1', 'admin@gmail.com', 1, '2023-12-06 05:16:09', 1),
(257, '::1', 'atena@gmail.com', 11, '2023-12-06 05:54:05', 1),
(258, '::1', 'admin@gmail.com', 1, '2023-12-06 06:27:00', 1),
(259, '::1', 'admin@gmail.com', 1, '2023-12-06 06:48:16', 1),
(260, '::1', 'admin@gmail.com', 1, '2023-12-06 08:34:35', 1),
(261, '::1', 'fatrisfaradila@gmail.com', 13, '2023-12-06 08:41:14', 1),
(262, '::1', 'admin@gmail.com', 1, '2023-12-06 08:41:23', 1),
(263, '::1', 'admin@gmail.com', 1, '2023-12-06 10:51:08', 1),
(264, '::1', 'admin@gmail.com', 1, '2023-12-07 01:38:21', 1),
(265, '::1', 'superadmin@gmail.com', 8, '2023-12-07 01:55:20', 1),
(266, '::1', 'admin@gmail.com', 1, '2023-12-07 09:43:23', 1),
(267, '::1', 'fatrisfaradila@gmail.com', 13, '2023-12-07 11:03:32', 1),
(268, '::1', 'admin@gmail.com', 1, '2023-12-07 14:41:36', 1),
(269, '::1', 'fatris', 13, '2023-12-07 15:04:14', 0),
(270, '::1', 'fatris', 13, '2023-12-07 15:04:30', 0),
(271, '::1', 'admin@gmail.com', 1, '2023-12-08 03:14:54', 1),
(272, '::1', 'admin@gmail.com', 1, '2023-12-09 17:27:17', 1),
(273, '::1', 'admin@gmail.com', 1, '2023-12-10 04:28:22', 1),
(274, '::1', 'admin@gmail.com', 1, '2023-12-10 05:04:48', 1),
(275, '::1', 'user@gmail.com', 4, '2023-12-10 05:05:47', 1),
(276, '::1', 'admin@gmail.com', 1, '2023-12-10 05:09:30', 1),
(277, '::1', 'admin@gmail.com', 1, '2023-12-10 05:15:14', 1),
(278, '::1', 'admin@gmail.com', 1, '2023-12-10 05:27:07', 1),
(279, '::1', 'user@gmail.com', 4, '2023-12-10 05:34:56', 1),
(280, '::1', 'admin@gmail.com', 1, '2023-12-10 05:40:15', 1),
(281, '::1', 'admin@gmail.com', 1, '2023-12-10 07:48:21', 1),
(282, '::1', 'admin@gmail.com', 1, '2023-12-10 11:46:33', 1),
(283, '::1', 'user@gmail.com', 4, '2023-12-10 11:49:41', 1),
(284, '::1', 'user@gmail.com', 4, '2023-12-10 12:01:29', 1),
(285, '::1', 'admin@gmail.com', 1, '2023-12-11 02:55:30', 1),
(286, '::1', 'admin@gmail.com', 1, '2023-12-11 14:47:57', 1),
(287, '::1', 'user@gmail.com', 4, '2023-12-11 15:36:20', 1),
(288, '::1', 'admin@gmail.com', 1, '2023-12-11 15:59:42', 1),
(289, '::1', 'admin@gmail.com', 1, '2023-12-12 08:50:58', 1),
(290, '::1', 'admin@gmail.com', 1, '2023-12-13 10:31:47', 1),
(291, '::1', 'user@gmail.com', 4, '2023-12-13 10:38:44', 1),
(292, '::1', 'admin@gmail.com', 1, '2023-12-17 10:04:31', 1),
(293, '::1', 'user@gmail.com', 4, '2023-12-17 10:18:33', 1),
(294, '::1', 'user@gmail.com', 4, '2023-12-17 10:27:06', 1),
(295, '::1', 'admin@gmail.com', 1, '2023-12-17 10:27:19', 1),
(296, '::1', 'superadmin@gmail.com', 8, '2023-12-17 10:41:07', 1),
(297, '::1', 'admin@gmail.com', 1, '2023-12-17 15:03:06', 1),
(298, '::1', 'admin@gmail.com', 1, '2023-12-18 06:35:41', 1),
(299, '::1', 'admin@gmail.com', 1, '2023-12-18 06:41:22', 1),
(300, '::1', 'admin@gmail.com', 1, '2023-12-19 06:09:25', 1),
(301, '::1', 'user@gmail.com', 4, '2023-12-19 06:11:46', 1),
(302, '::1', 'admin@gmail.com', 1, '2023-12-19 08:51:38', 1),
(303, '::1', 'admin@gmail.com', 1, '2023-12-19 16:35:41', 1),
(304, '::1', 'user@gmail.com', 4, '2023-12-20 07:08:48', 1),
(305, '::1', 'admin@gmail.com', 1, '2023-12-20 07:09:32', 1),
(306, '::1', 'user@gmail.com', 4, '2023-12-20 07:13:42', 1),
(307, '::1', 'admin@gmail.com', 1, '2023-12-20 07:14:15', 1),
(308, '::1', 'user@gmail.com', 4, '2023-12-20 07:15:47', 1),
(309, '::1', 'admin@gmail.com', 1, '2023-12-20 07:16:32', 1),
(310, '::1', 'admin@gmail.com', 1, '2023-12-21 03:03:19', 1),
(311, '::1', 'admin', NULL, '2023-12-21 03:27:57', 0),
(312, '::1', 'admin@gmail.com', 1, '2023-12-21 03:37:32', 1),
(313, '::1', 'user@gmail.com', 4, '2023-12-21 06:05:06', 1),
(314, '::1', 'superadmin@gmail.com', 8, '2023-12-21 07:41:38', 1),
(315, '::1', 'admin@gmail.com', 1, '2023-12-22 12:20:15', 1),
(316, '::1', 'user@gmail.com', 4, '2023-12-22 13:35:58', 1),
(317, '::1', 'admin@gmail.com', 1, '2023-12-22 13:39:54', 1),
(318, '::1', 'user', NULL, '2023-12-22 14:57:16', 0),
(319, '::1', 'user', NULL, '2023-12-22 14:58:08', 0),
(320, '::1', 'superadmin@gmail.com', 8, '2023-12-22 18:37:03', 1),
(321, '::1', 'admin@gmail.com', 1, '2023-12-23 01:47:15', 1),
(322, '::1', 'admin@gmail.com', 1, '2023-12-23 08:45:40', 1),
(323, '::1', 'admin@gmail.com', 1, '2023-12-25 15:48:22', 1),
(324, '::1', 'admin@gmail.com', 1, '2023-12-26 05:09:35', 1),
(325, '::1', 'admin', NULL, '2023-12-27 10:45:07', 0),
(326, '::1', 'admin', NULL, '2023-12-27 10:45:23', 0),
(327, '::1', 'admin@gmail.com', 1, '2023-12-27 10:45:39', 1),
(328, '::1', 'admin@gmail.com', 1, '2023-12-30 08:26:34', 1),
(329, '::1', 'admin@gmail.com', 1, '2023-12-30 13:45:10', 1),
(330, '::1', 'admin@gmail.com', 1, '2023-12-31 01:24:24', 1),
(331, '::1', 'admin@gmail.com', 1, '2023-12-31 02:06:44', 1),
(332, '::1', 'admin@gmail.com', 1, '2023-12-31 04:16:49', 1),
(333, '::1', 'user@gmail.com', 4, '2023-12-31 04:17:18', 1),
(334, '::1', 'admin@gmail.com', 1, '2024-01-01 01:07:24', 1),
(335, '::1', 'user@gmail.com', 4, '2024-01-01 01:13:18', 1),
(336, '::1', 'admin@gmail.com', 1, '2024-01-01 01:37:48', 1),
(337, '::1', 'admin@gmail.com', 1, '2024-01-01 02:33:01', 1),
(338, '::1', 'admin@gmail.com', 1, '2024-01-01 02:39:20', 1),
(339, '::1', 'admin@gmail.com', 1, '2024-01-01 02:56:50', 1),
(340, '::1', 'admin@gmail.com', 1, '2024-01-06 02:23:28', 1),
(341, '::1', 'admin@gmail.com', 1, '2024-01-06 02:24:59', 1),
(342, '::1', 'superadmin@gmail.com', 8, '2024-01-06 04:46:04', 1),
(343, '::1', 'superadmin@gmail.com', 8, '2024-01-06 09:57:02', 1),
(344, '::1', 'admin@gmail.com', 1, '2024-01-06 09:57:20', 1),
(345, '::1', 'admin@gmail.com', 1, '2024-01-08 08:06:18', 1),
(346, '::1', 'superadmin@gmail.com', 8, '2024-01-08 08:46:01', 1),
(347, '::1', 'admin@gmail.com', 1, '2024-01-08 08:48:03', 1),
(348, '::1', 'user@gmail.com', 4, '2024-01-08 09:32:56', 1),
(349, '::1', 'superadmin@gmail.com', 8, '2024-01-09 09:02:53', 1),
(350, '::1', 'admin@gmail.com', 1, '2024-01-09 15:42:02', 1),
(351, '::1', 'admin@gmail.com', 1, '2024-01-09 15:42:23', 1),
(352, '::1', 'admin@gmail.com', 1, '2024-01-09 15:49:27', 1),
(353, '::1', 'admin@gmail.com', 1, '2024-01-09 15:58:18', 1),
(354, '::1', 'admin@gmail.com', 1, '2024-01-09 16:25:30', 1),
(355, '::1', 'pegawai@gmail.com', 15, '2024-01-09 16:25:44', 1),
(356, '::1', 'petugas', NULL, '2024-01-09 16:25:57', 0),
(357, '::1', 'petugas_pengadaan@gmail.com', 14, '2024-01-09 16:26:05', 1),
(358, '::1', 'admin@gmail.com', 1, '2024-01-10 18:21:39', 1),
(359, '::1', 'admin@gmail.com', 1, '2024-01-11 09:31:14', 1),
(360, '::1', 'pegawai@gmail.com', 15, '2024-01-11 11:16:39', 1),
(361, '::1', 'pegawai@gmail.com', 15, '2024-01-11 11:52:33', 1),
(362, '::1', 'pegawai@gmail.com', 15, '2024-01-11 11:52:45', 1),
(363, '::1', 'petugas_pengadaan@gmail.com', 14, '2024-01-11 11:53:16', 1),
(364, '::1', 'petugas_pengadaan@gmail.com', 14, '2024-01-11 12:04:14', 1),
(365, '::1', 'petugas_pengadaan@gmail.com', 14, '2024-01-11 15:21:44', 1),
(366, '::1', 'admin@gmail.com', 1, '2024-01-12 20:28:22', 1),
(367, '::1', 'petugas_pengadaan@gmail.com', 14, '2024-01-12 20:35:29', 1),
(368, '::1', 'petugas_pengadaan@gmail.com', 14, '2024-01-12 23:07:18', 1),
(369, '::1', 'admin@gmail.com', 1, '2024-01-13 01:31:13', 1),
(370, '::1', 'petugas_pengadaan@gmail.com', 14, '2024-01-13 06:31:26', 1),
(371, '::1', 'admin@gmail.com', 1, '2024-01-13 06:55:21', 1),
(372, '::1', 'admin@gmail.com', 1, '2024-01-13 09:39:45', 1),
(373, '::1', 'petugas_pengadaan@gmail.com', 14, '2024-01-13 09:41:15', 1),
(374, '::1', 'pegawai@gmail.com', 15, '2024-01-13 09:48:39', 1),
(375, '::1', 'petugas_pengadaan@gmail.com', 14, '2024-01-13 09:53:50', 1),
(376, '::1', 'admin@gmail.com', 1, '2024-01-13 09:55:16', 1),
(377, '::1', 'admin@gmail.com', 1, '2024-01-13 22:41:43', 1),
(378, '::1', 'admin@gmail.com', 1, '2024-01-14 13:30:14', 1),
(379, '::1', 'admin@gmail.com', 1, '2024-01-14 19:33:51', 1),
(380, '::1', 'admin@gmail.com', 1, '2024-01-15 11:07:23', 1),
(381, '::1', 'admin@gmail.com', 1, '2024-01-15 13:42:51', 1),
(382, '::1', 'pegawai@gmail.com', 15, '2024-01-15 14:50:49', 1),
(383, '::1', 'petugas_pengadaan@gmail.com', 14, '2024-01-15 17:10:26', 1),
(384, '::1', 'petugas_pengadaan@gmail.com', 14, '2024-01-15 20:40:26', 1),
(385, '::1', 'admin@gmail.com', 1, '2024-01-15 21:03:05', 1),
(386, '::1', 'adminventaris', NULL, '2024-01-15 22:44:28', 0),
(387, '::1', 'admin@gmail.com', 1, '2024-01-15 22:44:33', 1),
(388, '::1', 'admin@gmail.com', 1, '2024-01-15 22:45:20', 1),
(389, '::1', 'petugas_pengadaan@gmail.com', 14, '2024-01-15 22:45:36', 1),
(390, '::1', 'petugas_pengadaan@gmail.com', 14, '2024-01-16 09:17:29', 1),
(391, '::1', 'admin@gmail.com', 1, '2024-01-16 09:17:35', 1),
(392, '::1', 'admin@gmail.com', 1, '2024-01-16 11:39:46', 1),
(393, '::1', 'petugas_pengadaan@gmail.com', 14, '2024-01-16 11:40:59', 1),
(394, '::1', 'pegawai@gmail.com', 15, '2024-01-18 17:45:55', 1),
(395, '::1', 'admin@gmail.com', 1, '2024-01-18 18:42:57', 1),
(396, '::1', 'pegawai@gmail.com', 15, '2024-01-18 18:44:58', 1),
(397, '::1', 'pegawai@gmail.com', 15, '2024-01-18 18:45:57', 1),
(398, '::1', 'pegawai@gmail.com', 15, '2024-01-18 19:52:28', 1),
(399, '::1', 'petugas_pengadaan@gmail.com', 14, '2024-01-18 20:39:55', 1),
(400, '::1', 'admin@gmail.com', 1, '2024-01-18 22:37:07', 1),
(401, '::1', 'pegawai@gmail.com', 15, '2024-01-19 08:13:09', 1),
(402, '::1', 'pegawai@gmail.com', 15, '2024-01-19 08:29:34', 1),
(403, '::1', 'petugas_pengadaan@gmail.com', 14, '2024-01-19 08:29:49', 1),
(404, '::1', 'admin@gmail.com', 1, '2024-01-19 09:34:31', 1),
(405, '::1', 'admin@gmail.com', 1, '2024-01-20 11:10:00', 1),
(406, '::1', 'pegawai@gmail.com', 15, '2024-01-20 11:10:03', 1),
(407, '::1', 'pegawai@gmail.com', 15, '2024-01-20 13:58:13', 1),
(408, '::1', 'pegawai@gmail.com', 15, '2024-01-20 13:59:57', 1),
(409, '::1', 'pegawai@gmail.com', 15, '2024-01-20 14:09:09', 1),
(410, '::1', 'pegawai@gmail.com', 15, '2024-01-20 14:42:38', 1),
(411, '::1', 'pegawai@gmail.com', 15, '2024-01-20 15:03:25', 1),
(412, '::1', 'pegawai@gmail.com', 15, '2024-01-20 15:09:30', 1),
(413, '::1', 'admin@gmail.com', 1, '2024-01-20 15:59:23', 1),
(414, '::1', 'pegawai@gmail.com', 15, '2024-01-20 16:00:10', 1),
(415, '::1', 'pegawai@gmail.com', 15, '2024-01-20 17:31:26', 1),
(416, '::1', 'admin@gmail.com', 1, '2024-01-20 17:51:22', 1),
(417, '::1', 'admin@gmail.com', 1, '2024-01-20 21:54:45', 1),
(418, '::1', 'admin@gmail.com', 1, '2024-01-21 10:33:16', 1),
(419, '::1', 'admin@gmail.com', 1, '2024-01-21 21:49:26', 1),
(420, '::1', 'petugas_pengadaan@gmail.com', 14, '2024-01-22 11:38:50', 1),
(421, '::1', 'admin@gmail.com', 1, '2024-01-22 14:36:37', 1),
(422, '::1', 'admin@gmail.com', 1, '2024-02-05 08:18:46', 1),
(423, '::1', 'admin@gmail.com', 1, '2024-02-05 12:20:36', 1),
(424, '::1', 'admin', NULL, '2024-02-05 20:54:04', 0),
(425, '::1', 'admin@gmail.com', 1, '2024-02-05 20:55:53', 1),
(426, '::1', 'admin', NULL, '2024-02-06 06:30:10', 0),
(427, '::1', 'admin', NULL, '2024-02-06 06:30:18', 0),
(428, '::1', 'admin', NULL, '2024-02-06 06:30:27', 0),
(429, '::1', 'admin@gmail.com', 1, '2024-02-06 06:30:49', 1),
(430, '::1', 'admmin', NULL, '2024-02-06 17:10:13', 0),
(431, '::1', 'admin', NULL, '2024-02-06 17:10:26', 0),
(432, '::1', 'admin@gmail.com', 1, '2024-02-06 17:10:34', 1),
(433, '::1', 'admin@gmail.com', 1, '2024-02-07 08:15:05', 1),
(434, '::1', 'admin@gmail.com', 1, '2024-02-07 17:39:20', 1),
(435, '::1', 'admin@gmail.com', 1, '2024-02-07 20:37:16', 1),
(436, '::1', 'admin', NULL, '2024-02-08 10:33:17', 0),
(437, '::1', 'admin@gmail.com', 1, '2024-02-08 10:33:24', 1),
(438, '::1', 'admin@gmail.com', 1, '2024-02-08 13:34:45', 1),
(439, '::1', 'petugas_pengadaan@gmail.com', 14, '2024-02-08 15:04:56', 1),
(440, '::1', 'pegawai@gmail.com', 15, '2024-02-08 15:05:48', 1),
(441, '::1', 'admin', NULL, '2024-02-08 16:24:43', 0),
(442, '::1', 'admin@gmail.com', 1, '2024-02-08 16:25:02', 1),
(443, '::1', 'admin', NULL, '2024-02-08 22:41:15', 0),
(444, '::1', 'admin@gmail.com', 1, '2024-02-08 22:41:26', 1),
(445, '::1', 'admin', NULL, '2024-02-09 19:46:16', 0),
(446, '::1', 'admin', NULL, '2024-02-09 19:46:23', 0),
(447, '::1', 'admin@gmail.com', 1, '2024-02-09 19:46:36', 1),
(448, '::1', 'petugas_pengadaan@gmail.com', 14, '2024-02-09 21:41:19', 1),
(449, '::1', 'admin@gmail.com', 1, '2024-02-09 22:45:04', 1),
(450, '::1', 'petugas_pengadaan@gmail.com', 14, '2024-02-10 10:52:33', 1),
(451, '::1', 'Karyawan', NULL, '2024-02-10 10:58:42', 0),
(452, '::1', 'admin', NULL, '2024-02-10 10:58:57', 0),
(453, '::1', 'admin@gmail.com', 1, '2024-02-10 10:59:05', 1),
(454, '::1', 'pegawai', NULL, '2024-02-10 11:01:52', 0),
(455, '::1', 'pegawai@gmail.com', 15, '2024-02-10 11:02:01', 1),
(456, '::1', 'admin@gmail.com', 1, '2024-02-10 16:32:00', 1),
(457, '::1', 'admin@gmail.com', 1, '2024-02-10 17:12:42', 1),
(458, '::1', 'pegawai@gmail.com', 15, '2024-02-10 17:13:13', 1),
(459, '::1', 'admin', NULL, '2024-02-10 19:11:07', 0),
(460, '::1', 'admin', NULL, '2024-02-10 19:11:26', 0),
(461, '::1', 'admin', NULL, '2024-02-10 19:11:33', 0),
(462, '::1', 'admin', NULL, '2024-02-10 19:11:56', 0),
(463, '::1', 'admin@gmail.com', 1, '2024-02-10 19:12:04', 1),
(464, '::1', 'petugas_pengadaan@gmail.com', 14, '2024-02-10 19:26:03', 1),
(465, '::1', 'admin@gmail.com', 1, '2024-02-10 19:47:35', 1),
(466, '::1', 'admin@gmail.com', 1, '2024-02-10 20:25:16', 1),
(467, '::1', 'petugas_pengadaan@gmail.com', 14, '2024-02-10 20:26:14', 1),
(468, '::1', 'admin@gmail.com', 1, '2024-02-10 21:37:56', 1),
(469, '::1', 'petugas_pengadaan@gmail.com', 14, '2024-02-10 22:20:57', 1),
(470, '::1', 'pegawai@gmail.com', 15, '2024-02-10 22:23:24', 1),
(471, '::1', 'petugas_pengadaan@gmail.com', 14, '2024-02-10 22:29:59', 1),
(472, '::1', 'admin@gmail.com', 1, '2024-02-10 22:30:18', 1),
(473, '::1', 'admin@gmail.com', 1, '2024-02-11 10:58:53', 1),
(474, '::1', 'petugas_pengadaan@gmail.com', 14, '2024-02-11 11:41:38', 1),
(475, '::1', 'admin@gmail.com', 1, '2024-02-11 13:08:31', 1),
(476, '::1', 'petugas_pengadaan@gmail.com', 14, '2024-02-11 13:10:20', 1),
(477, '::1', 'petugas_pengadaan@gmail.com', 14, '2024-02-11 17:57:46', 1),
(478, '::1', 'admin', NULL, '2024-02-12 09:38:36', 0),
(479, '::1', 'admin@gmail.com', 1, '2024-02-12 09:38:46', 1),
(480, '::1', 'pegawai@gmail.com', 15, '2024-02-12 09:46:33', 1),
(481, '::1', 'admin@gmail.com', 1, '2024-02-12 09:47:22', 1),
(482, '::1', 'admin@gmail.com', 1, '2024-02-12 22:28:59', 1),
(483, '::1', 'petugas', NULL, '2024-02-12 22:57:54', 0),
(484, '::1', 'petugas_pengadaan@gmail.com', 14, '2024-02-12 22:58:09', 1),
(485, '::1', 'pegawai@gmail.com', 15, '2024-02-12 22:58:28', 1),
(486, '::1', 'admin', NULL, '2024-02-12 23:01:05', 0),
(487, '::1', 'admin@gmail.com', 1, '2024-02-12 23:02:26', 1),
(488, '::1', 'admin@gmail.com', 1, '2024-02-13 16:35:20', 1),
(489, '::1', 'pegawai', NULL, '2024-02-13 17:56:18', 0),
(490, '::1', 'pegawai@gmail.com', 15, '2024-02-13 17:56:28', 1),
(491, '::1', 'admin@gmail.com', 1, '2024-02-13 18:05:22', 1),
(492, '::1', 'admin@gmail.com', 1, '2024-02-15 22:12:46', 1),
(493, '::1', 'petugas_pengadaan@gmail.com', 14, '2024-02-15 23:15:13', 1),
(494, '::1', 'petugas_pengadaan@gmail.com', 14, '2024-02-15 23:25:03', 1),
(495, '::1', 'admin', NULL, '2024-02-15 23:26:44', 0),
(496, '::1', 'admin', NULL, '2024-02-15 23:26:50', 0),
(497, '::1', 'admin@gmail.com', 1, '2024-02-15 23:26:56', 1),
(498, '::1', 'pegawai', NULL, '2024-02-15 23:34:23', 0),
(499, '::1', 'pegawai@gmail.com', 15, '2024-02-15 23:34:36', 1),
(500, '::1', 'admin@gmail.com', 1, '2024-02-15 23:35:16', 1),
(501, '::1', 'admin', NULL, '2024-02-17 20:48:05', 0),
(502, '::1', 'admin@gmail.com', 1, '2024-02-17 20:51:43', 1),
(503, '::1', 'admin@gmail.com', 1, '2024-02-18 12:09:41', 1),
(504, '::1', 'admin@gmail.com', 1, '2024-02-18 14:52:32', 1),
(505, '::1', 'pegawai@gmail.com', 15, '2024-02-18 15:15:27', 1),
(506, '::1', 'pegawai@gmail.com', 15, '2024-02-18 15:29:00', 1),
(507, '::1', 'admin@gmail.com', 1, '2024-02-18 18:54:29', 1),
(508, '::1', 'pegawai@gmail.com', 15, '2024-02-18 18:54:49', 1),
(509, '::1', 'petugas_pengadaan@gmail.com', 14, '2024-02-18 19:00:15', 1),
(510, '::1', 'admin', NULL, '2024-02-18 19:01:10', 0),
(511, '::1', 'admin', NULL, '2024-02-18 19:01:21', 0),
(512, '::1', 'admin@gmail.com', 1, '2024-02-18 19:01:32', 1),
(513, '::1', 'admin@gmail.com', 1, '2024-02-19 05:25:17', 1),
(514, '::1', 'administrator@gmail.com', 16, '2024-02-19 06:38:05', 1),
(515, '::1', 'admin', NULL, '2024-02-19 06:47:38', 0),
(516, '::1', 'admin@gmail.com', 1, '2024-02-19 06:48:33', 1),
(517, '::1', 'admin@gmail.com', 1, '2024-02-19 09:50:34', 1),
(518, '::1', 'pegawai@gmail.com', 15, '2024-02-19 09:51:30', 1),
(519, '::1', 'admin@gmail.com', 1, '2024-02-19 13:24:20', 1),
(520, '::1', 'admin@gmail.com', 1, '2024-02-20 08:02:57', 1),
(521, '::1', 'pegawai@gmail.com', 15, '2024-02-20 08:16:05', 1),
(522, '::1', 'pegawai@gmail.com', 15, '2024-02-20 12:44:27', 1),
(523, '::1', 'admin@gmail.com', 1, '2024-02-20 16:16:02', 1),
(524, '::1', 'pegawai@gmail.com', 15, '2024-02-20 16:26:05', 1),
(525, '::1', 'admin@gmail.com', 1, '2024-02-20 16:33:33', 1),
(526, '::1', 'pegawai', NULL, '2024-02-20 16:42:23', 0),
(527, '::1', 'pegawai@gmail.com', 15, '2024-02-20 16:42:32', 1),
(528, '::1', 'administrator@gmail.com', 16, '2024-02-20 17:34:04', 1),
(529, '::1', 'ganda', NULL, '2024-02-20 17:34:53', 0),
(530, '::1', 'ganda@gmail.com', 17, '2024-02-20 17:35:01', 1),
(531, '::1', 'administrator@gmail.com', 16, '2024-02-20 17:36:05', 1),
(532, '::1', 'gandagunawan@gmail.com', 18, '2024-02-20 17:40:06', 1),
(533, '::1', 'ganda@gmail.com', 17, '2024-02-20 17:41:32', 1),
(534, '::1', 'admin@gmail.com', 1, '2024-02-20 17:45:57', 1),
(535, '::1', 'administrator@gmail.com', 16, '2024-02-20 17:52:53', 1),
(536, '::1', 'bu@gmail.com', 19, '2024-02-20 17:53:52', 1),
(537, '::1', 'pegawai@gmail.com', 15, '2024-02-20 18:05:29', 1),
(538, '::1', 'admin@gmail.com', 1, '2024-02-20 23:16:23', 1),
(539, '::1', 'pegawai@gmail.com', 15, '2024-02-20 23:40:33', 1),
(540, '::1', 'bu@gmail.com', 19, '2024-02-20 23:41:45', 1),
(541, '::1', 'admin@gmail.com', 1, '2024-02-21 05:47:34', 1),
(542, '::1', 'pegawai@gmail.com', 15, '2024-02-21 05:49:06', 1),
(543, '::1', 'admin@gmail.com', 1, '2024-02-21 09:49:21', 1),
(544, '::1', 'pegawai@gmail.com', 15, '2024-02-21 09:51:42', 1),
(545, '::1', 'admin@gmail.com', 1, '2024-02-22 10:33:51', 1),
(546, '::1', 'admin@gmail.com', 1, '2024-02-22 10:40:30', 1),
(547, '::1', 'pegawai@gmail.com', 15, '2024-02-22 10:53:04', 1),
(548, '::1', 'admin@gmail.com', 1, '2024-02-23 16:34:22', 1),
(549, '::1', 'pegawai@gmail.com', 15, '2024-02-23 16:47:00', 1),
(550, '::1', 'admin@gmail.com', 1, '2024-02-23 17:03:39', 1),
(551, '::1', 'pegawai@gmail.com', 15, '2024-02-23 17:04:45', 1),
(552, '::1', 'admin@gmail.com', 1, '2024-02-23 21:51:00', 1),
(553, '::1', 'admin@gmail.com', 1, '2024-02-24 15:43:47', 1),
(554, '::1', 'admin@gmail.com', 1, '2024-02-24 19:36:00', 1),
(555, '::1', 'admin@gmail.com', 1, '2024-02-25 20:45:10', 1),
(556, '::1', 'admin@gmail.com', 1, '2024-02-26 08:04:59', 1),
(557, '::1', 'admin@gmail.com', 1, '2024-02-26 20:02:26', 1),
(558, '::1', 'admin@gmail.com', 1, '2024-02-26 21:14:52', 1),
(559, '::1', 'admin@gmail.com', 1, '2024-02-27 00:52:49', 1),
(560, '::1', 'admin@gmail.com', 1, '2024-02-27 11:51:32', 1),
(561, '::1', 'admin@gmail.com', 1, '2024-02-27 14:33:30', 1),
(562, '::1', 'admin@gmail.com', 1, '2024-02-27 18:58:22', 1),
(563, '::1', 'admin@gmail.com', 1, '2024-02-29 17:57:33', 1),
(564, '::1', 'admin@gmail.com', 1, '2024-02-29 22:23:44', 1),
(565, '::1', 'admin@gmail.com', 1, '2024-03-01 11:28:50', 1),
(566, '::1', 'admin@gmail.com', 1, '2024-03-01 12:59:34', 1),
(567, '::1', 'admin@gmail.com', 1, '2024-03-02 23:44:43', 1),
(568, '::1', 'admin@gmail.com', 1, '2024-03-03 18:16:51', 1),
(569, '::1', 'admin@gmail.com', 1, '2024-03-03 23:00:21', 1),
(570, '::1', 'admin@gmail.com', 1, '2024-03-04 22:02:11', 1),
(571, '::1', 'admin@gmail.com', 1, '2024-03-05 01:06:53', 1),
(572, '::1', 'admin@gmail.com', 1, '2024-03-05 10:40:28', 1),
(573, '::1', 'admin@gmail.com', 1, '2024-03-05 20:27:00', 1),
(574, '::1', 'admin@gmail.com', 1, '2024-03-06 20:33:27', 1),
(575, '::1', 'admin@gmail.com', 1, '2024-03-07 21:47:58', 1),
(576, '::1', 'admin@gmail.com', 1, '2024-03-08 21:47:17', 1),
(577, '::1', 'admin@gmail.com', 1, '2024-03-11 20:48:07', 1),
(578, '::1', 'admin@gmail.com', 1, '2024-03-12 00:07:13', 1),
(579, '::1', 'admin@gmail.com', 1, '2024-03-12 13:17:40', 1),
(580, '::1', 'admin@gmail.com', 1, '2024-03-12 21:27:53', 1),
(581, '::1', 'admin@gmail.com', 1, '2024-03-12 21:53:14', 1),
(582, '::1', 'admin@gmail.com', 1, '2024-03-13 18:49:10', 1),
(583, '::1', 'admin@gmail.com', 1, '2024-03-15 17:13:32', 1),
(584, '::1', 'admin@gmail.com', 1, '2024-03-16 00:54:33', 1),
(585, '::1', 'admin@gmail.com', 1, '2024-03-17 02:33:41', 1),
(586, '::1', 'admin@gmail.com', 1, '2024-03-17 16:57:35', 1),
(587, '::1', 'admin@gmail.com', 1, '2024-03-18 01:23:23', 1),
(588, '::1', 'administrator@gmail.com', 16, '2024-03-25 22:08:31', 1),
(589, '::1', 'admin@gmail.com', 1, '2024-03-25 22:09:07', 1),
(590, '::1', 'admin@gmail.com', 1, '2024-03-27 19:24:24', 1),
(591, '::1', 'admin@gmail.com', 1, '2024-03-28 19:18:58', 1),
(592, '::1', 'admin@gmail.com', 1, '2024-03-28 21:37:34', 1),
(593, '::1', 'admin@gmail.com', 1, '2024-03-29 13:19:57', 1),
(594, '::1', 'admin@gmail.com', 1, '2024-03-29 23:43:29', 1),
(595, '::1', 'admin@gmail.com', 1, '2024-03-31 23:30:40', 1),
(596, '::1', 'admin@gmail.com', 1, '2024-04-01 01:11:11', 1),
(597, '::1', 'admin@gmail.com', 1, '2024-04-01 20:28:23', 1),
(598, '::1', 'admin@gmail.com', 1, '2024-04-02 01:41:08', 1),
(599, '::1', 'admin@gmail.com', 1, '2024-04-02 14:11:56', 1),
(600, '::1', 'admin@gmail.com', 1, '2024-04-02 18:49:38', 1),
(601, '::1', 'admin@gmail.com', 1, '2024-04-04 20:58:15', 1),
(602, '::1', 'admin@gmail.com', 1, '2024-04-05 05:31:19', 1),
(603, '::1', 'admin@gmail.com', 1, '2024-04-05 19:28:26', 1),
(604, '::1', 'admin@gmail.com', 1, '2024-04-06 17:17:33', 1),
(605, '::1', 'admin@gmail.com', 1, '2024-04-07 10:36:20', 1),
(606, '::1', 'admin@gmail.com', 1, '2024-04-08 23:39:40', 1),
(607, '::1', 'admin@gmail.com', 1, '2024-04-09 03:23:26', 1),
(608, '::1', 'admin@gmail.com', 1, '2024-04-09 15:42:38', 1),
(609, '::1', 'admin@gmail.com', 1, '2024-04-10 21:28:44', 1),
(610, '::1', 'admin@gmail.com', 1, '2024-04-10 21:28:45', 1),
(611, '::1', 'admin@gmail.com', 1, '2024-04-11 20:45:51', 1),
(612, '::1', 'admin@gmail.com', 1, '2024-04-12 20:03:47', 1),
(613, '::1', 'admin@gmail.com', 1, '2024-04-14 15:32:14', 1),
(614, '::1', 'admin@gmail.com', 1, '2024-04-14 20:04:27', 1),
(615, '::1', 'admin@gmail.com', 1, '2024-04-15 17:33:48', 1),
(616, '::1', 'admin@gmail.com', 1, '2024-04-15 21:46:04', 1),
(617, '::1', 'admin@gmail.com', 1, '2024-04-16 14:56:13', 1),
(618, '::1', 'admin@gmail.com', 1, '2024-04-17 16:10:57', 1),
(619, '::1', 'admin@gmail.com', 1, '2024-04-17 16:11:00', 1),
(620, '::1', 'admin@gmail.com', 1, '2024-04-17 19:53:10', 1),
(621, '::1', 'admin@gmail.com', 1, '2024-04-18 07:33:26', 1),
(622, '::1', 'admin', NULL, '2024-04-18 09:55:23', 0),
(623, '::1', 'admin', NULL, '2024-04-18 09:55:28', 0),
(624, '::1', 'admin', NULL, '2024-04-18 09:55:38', 0),
(625, '::1', 'admin@gmail.com', 1, '2024-04-18 09:55:43', 1),
(626, '::1', 'admin@gmail.com', 1, '2024-04-18 14:02:47', 1),
(627, '::1', 'admin', NULL, '2024-04-19 07:37:02', 0),
(628, '::1', 'admin@gmail.com', 1, '2024-04-19 07:37:10', 1),
(629, '::1', 'admin@gmail.com', 1, '2024-04-19 14:09:07', 1),
(630, '::1', 'admin@gmail.com', 1, '2024-04-19 21:18:24', 1),
(631, '::1', 'admin@gmail.com', 1, '2024-04-21 13:01:14', 1),
(632, '::1', 'admin@gmail.com', 1, '2024-04-21 17:53:17', 1),
(633, '::1', 'admin@gmail.com', 1, '2024-04-21 19:58:48', 1),
(634, '::1', 'admin@gmail.com', 1, '2024-04-21 20:53:28', 1),
(635, '::1', 'admin@gmail.com', 1, '2024-04-21 22:49:27', 1),
(636, '::1', 'admin', NULL, '2024-05-23 20:35:40', 0),
(637, '::1', 'admin', NULL, '2024-05-23 20:35:51', 0),
(638, '::1', 'admin@gmail.com', 1, '2024-05-23 20:35:58', 1),
(639, '::1', 'admin@gmail.com', 1, '2024-05-23 21:38:23', 1),
(640, '::1', 'admin@gmail.com', 1, '2024-05-25 15:45:31', 1),
(641, '::1', 'admin@gmail.com', 1, '2024-05-25 18:42:02', 1),
(642, '::1', 'admin@gmail.com', 1, '2024-05-26 09:27:23', 1),
(643, '::1', 'admin@gmail.com', 1, '2024-05-26 19:13:20', 1),
(644, '::1', 'admin@gmail.com', 1, '2024-05-26 19:42:54', 1),
(645, '::1', 'admin@gmail.com', 1, '2024-05-26 19:44:48', 1),
(646, '::1', 'admin@gmail.com', 1, '2024-05-26 20:19:13', 1),
(647, '::1', 'admin@gmail.com', 1, '2024-05-26 20:37:13', 1),
(648, '::1', 'admin@gmail.com', 1, '2024-05-26 21:29:32', 1),
(649, '::1', 'admin@gmail.com', 1, '2024-05-27 16:32:05', 1),
(650, '::1', 'admin@gmail.com', 1, '2024-05-27 16:49:58', 1),
(651, '::1', 'admin@gmail.com', 1, '2024-05-27 16:51:48', 1),
(652, '::1', 'admin@gmail.com', 1, '2024-05-29 20:38:30', 1),
(653, '::1', 'admin@gmail.com', 1, '2024-05-31 17:26:37', 1),
(654, '::1', 'admin@gmail.com', 1, '2024-06-01 20:17:43', 1),
(655, '::1', 'admin@gmail.com', 1, '2024-06-01 21:53:21', 1),
(656, '::1', 'admin@gmail.com', 1, '2024-06-01 22:01:01', 1),
(657, '::1', 'admin@gmail.com', 1, '2024-06-02 02:35:23', 1),
(658, '::1', 'admin@gmail.com', 1, '2024-06-02 10:35:14', 1),
(659, '::1', 'admin@gmail.com', 1, '2024-06-02 20:23:38', 1),
(660, '::1', 'admin@gmail.com', 1, '2024-06-03 16:11:20', 1),
(661, '::1', 'admin@gmail.com', 1, '2024-06-04 15:47:53', 1),
(662, '::1', 'admin@gmail.com', 1, '2024-06-04 19:56:57', 1),
(663, '::1', 'admin@gmail.com', 1, '2024-06-05 20:08:22', 1),
(664, '::1', 'admin@gmail.com', 1, '2024-06-06 18:23:34', 1),
(665, '::1', 'petugas_pengadaan@gmail.com', 14, '2024-06-06 20:59:26', 1),
(666, '::1', 'kasir@gmail.com', 14, '2024-06-06 21:12:34', 1),
(667, '::1', 'pegawai@gmail.com', 15, '2024-06-06 21:13:30', 1),
(668, '::1', 'kasir@gmail.com', 14, '2024-06-06 21:19:46', 1),
(669, '::1', 'admin@gmail.com', 1, '2024-06-06 21:45:52', 1),
(670, '::1', 'admin@gmail.com', 1, '2024-06-07 19:40:10', 1),
(671, '::1', 'admin@gmail.com', 1, '2024-06-07 20:45:16', 1),
(672, '::1', 'admin@gmail.com', 1, '2024-06-09 16:30:23', 1),
(673, '::1', 'admin@gmail.com', 1, '2024-06-09 16:34:25', 1),
(674, '::1', 'admin@gmail.com', 1, '2024-06-10 17:52:02', 1),
(675, '::1', 'pemilik@gmail.com', 15, '2024-06-11 00:37:01', 1),
(676, '::1', 'admin@gmail.com', 1, '2024-06-11 00:38:27', 1),
(677, '::1', 'kasir@gmail.com', 14, '2024-06-11 00:42:02', 1),
(678, '::1', 'admin@gmail.com', 1, '2024-06-11 00:43:38', 1),
(679, '::1', 'admin@gmail.com', 1, '2024-06-11 17:39:00', 1),
(680, '::1', 'admin@gmail.com', 1, '2024-06-12 18:39:15', 1),
(681, '::1', 'admin@gmail.com', 1, '2024-06-14 19:23:30', 1),
(682, '::1', 'admin@gmail.com', 1, '2024-06-15 18:21:33', 1),
(683, '::1', 'admin@gmail.com', 1, '2024-06-15 21:57:57', 1),
(684, '::1', 'admin@gmail.com', 1, '2024-06-15 22:01:53', 1),
(685, '::1', 'admin@gmail.com', 1, '2024-06-16 10:42:05', 1),
(686, '::1', 'admin@gmail.com', 1, '2024-06-16 11:05:46', 1),
(687, '::1', 'admin@gmail.com', 1, '2024-06-16 18:35:45', 1),
(688, '::1', 'adminadmin', NULL, '2024-06-17 12:29:40', 0),
(689, '::1', 'admin@gmail.com', 1, '2024-06-17 12:29:48', 1),
(690, '::1', 'admin@gmail.com', 1, '2024-06-17 15:50:37', 1),
(691, '::1', 'admin@gmail.com', 1, '2024-06-18 06:13:50', 1),
(692, '::1', 'admin@gmail.com', 1, '2024-06-20 18:43:38', 1),
(693, '::1', 'admin@gmail.com', 1, '2024-06-20 18:43:39', 1),
(694, '::1', 'admin@gmail.com', 1, '2024-06-21 18:47:03', 1),
(695, '::1', 'admin@gmail.com', 1, '2024-06-22 18:50:33', 1),
(696, '::1', 'ganda@gmail.com', 17, '2024-06-22 23:02:07', 1),
(697, '::1', 'ganda', NULL, '2024-06-22 23:03:59', 0),
(698, '::1', 'ganda', NULL, '2024-06-22 23:04:09', 0),
(699, '::1', 'ganda@gmail.com', 17, '2024-06-22 23:04:34', 1),
(700, '::1', 'ganda', NULL, '2024-06-22 23:05:06', 0),
(701, '::1', 'ganda@gmail.com', 17, '2024-06-22 23:05:14', 1),
(702, '::1', 'admin@gmail.com', 1, '2024-06-22 23:08:32', 1),
(703, '::1', 'ganda@gmail.com', 17, '2024-06-23 00:34:13', 1),
(704, '::1', 'admin@gmail.com', 1, '2024-06-23 10:20:56', 1),
(705, '::1', 'admin@gmail.com', 1, '2024-06-23 13:18:15', 1),
(706, '::1', 'admin@gmail.com', 1, '2024-06-23 15:14:12', 1),
(707, '::1', 'admin@gmail.com', 1, '2024-06-23 17:49:20', 1),
(708, '::1', 'admin@gmail.com', 1, '2024-06-23 21:28:54', 1),
(709, '::1', 'admin@gmail.com', 1, '2024-06-24 14:52:34', 1),
(710, '::1', 'admin@gmail.com', 1, '2024-06-28 23:10:38', 1),
(711, '::1', 'admin@gmail.com', 1, '2024-07-01 16:12:39', 1),
(712, '::1', 'admin@gmail.com', 1, '2024-07-02 20:27:19', 1),
(713, '::1', 'admin@gmail.com', 1, '2024-07-04 20:17:44', 1),
(714, '::1', 'admin@gmail.com', 1, '2024-07-04 20:22:13', 1),
(715, '::1', 'admin@gmail.com', 1, '2024-07-05 07:39:36', 1),
(716, '::1', 'admin@gmail.com', 1, '2024-07-06 18:22:50', 1),
(717, '::1', 'admin@gmail.com', 1, '2024-07-06 19:33:19', 1),
(718, '::1', 'admin@gmail.com', 1, '2024-07-06 21:16:08', 1),
(719, '::1', 'admin@gmail.com', 1, '2024-07-07 20:09:56', 1),
(720, '::1', 'admin@gmail.com', 1, '2024-07-07 20:34:16', 1),
(721, '::1', 'admin@gmail.com', 1, '2024-07-08 22:07:42', 1),
(722, '::1', 'admin@gmail.com', 1, '2024-07-09 22:55:25', 1),
(723, '::1', 'admin@gmail.com', 1, '2024-07-10 23:49:49', 1),
(724, '::1', 'admin@gmail.com', 1, '2024-07-11 16:15:29', 1),
(725, '::1', 'admin@gmail.com', 1, '2024-07-11 16:51:40', 1),
(726, '::1', 'admin@gmail.com', 1, '2024-07-11 19:21:54', 1),
(727, '::1', 'admin@gmail.com', 1, '2024-07-12 21:36:39', 1),
(728, '::1', 'kasir@gmail.com', 14, '2024-07-12 22:27:18', 1),
(729, '::1', 'admin@gmail.com', 1, '2024-07-12 22:37:39', 1),
(730, '::1', 'pemilik@gmail.com', 15, '2024-07-12 22:38:22', 1),
(731, '::1', 'pemilik@gmail.com', 15, '2024-07-12 22:47:35', 1),
(732, '::1', 'pemilik@gmail.com', 15, '2024-07-12 23:04:10', 1),
(733, '::1', 'pemilik@gmail.com', 15, '2024-07-12 23:04:37', 1),
(734, '::1', 'pemilik@gmail.com', 15, '2024-07-12 23:05:09', 1),
(735, '::1', 'kasir@gmail.com', 14, '2024-07-14 20:11:56', 1),
(736, '::1', 'kasir@gmail.com', 14, '2024-07-14 21:18:46', 1),
(737, '::1', 'admin@gmail.com', 1, '2024-07-14 21:27:49', 1),
(738, '::1', 'admin@gmail.com', 1, '2024-07-17 17:44:42', 1);

-- --------------------------------------------------------

--
-- Struktur dari tabel `auth_permissions`
--

CREATE TABLE `auth_permissions` (
  `id` int(11) UNSIGNED NOT NULL,
  `name` varchar(255) NOT NULL,
  `description` varchar(255) NOT NULL
) ENGINE=InnoDB DEFAULT CHARSET=utf8;

--
-- Dumping data untuk tabel `auth_permissions`
--

INSERT INTO `auth_permissions` (`id`, `name`, `description`) VALUES
(1, 'manage user\'s', 'Manage All user\'s'),
(2, 'manage-profile', 'Manage user\'s profile');

-- --------------------------------------------------------

--
-- Struktur dari tabel `auth_reset_attempts`
--

CREATE TABLE `auth_reset_attempts` (
  `id` int(11) UNSIGNED NOT NULL,
  `email` varchar(255) NOT NULL,
  `ip_address` varchar(255) NOT NULL,
  `user_agent` varchar(255) NOT NULL,
  `token` varchar(255) DEFAULT NULL,
  `created_at` datetime NOT NULL
) ENGINE=InnoDB DEFAULT CHARSET=utf8;

-- --------------------------------------------------------

--
-- Struktur dari tabel `auth_tokens`
--

CREATE TABLE `auth_tokens` (
  `id` int(11) UNSIGNED NOT NULL,
  `selector` varchar(255) NOT NULL,
  `hashedValidator` varchar(255) NOT NULL,
  `user_id` int(11) UNSIGNED NOT NULL,
  `expires` datetime NOT NULL
) ENGINE=InnoDB DEFAULT CHARSET=utf8;

-- --------------------------------------------------------

--
-- Struktur dari tabel `auth_users_permissions`
--

CREATE TABLE `auth_users_permissions` (
  `user_id` int(11) UNSIGNED NOT NULL DEFAULT 0,
  `permission_id` int(11) UNSIGNED NOT NULL DEFAULT 0
) ENGINE=InnoDB DEFAULT CHARSET=utf8;

-- --------------------------------------------------------

--
-- Struktur dari tabel `barang`
--

CREATE TABLE `barang` (
  `kode_barang` varchar(255) NOT NULL,
  `nama_brg` varchar(255) NOT NULL,
  `jenis_brg` varchar(50) NOT NULL,
  `merk` varchar(50) NOT NULL,
  `id_satuan` int(11) NOT NULL,
  `tanggal_barang_masuk` date NOT NULL,
  `stok` int(11) NOT NULL,
  `harga_beli` varchar(900) NOT NULL,
  `harga_jual` varchar(900) NOT NULL,
  `created_at` datetime NOT NULL,
  `deleted_at` datetime NOT NULL,
  `id_supplier` int(11) NOT NULL
) ENGINE=InnoDB DEFAULT CHARSET=utf8mb4;

--
-- Dumping data untuk tabel `barang`
--

INSERT INTO `barang` (`kode_barang`, `nama_brg`, `jenis_brg`, `merk`, `id_satuan`, `tanggal_barang_masuk`, `stok`, `harga_beli`, `harga_jual`, `created_at`, `deleted_at`, `id_supplier`) VALUES
('BAH9438', 'Sabun', 'Bahan Pokok', 'Lifeboy', 20, '2024-07-08', 102, '2200', '3000', '0000-00-00 00:00:00', '0000-00-00 00:00:00', 1),
('OBA4331', 'Madu', 'Obat', 'Tj', 20, '2024-07-01', 199, '20000', '100000', '0000-00-00 00:00:00', '0000-00-00 00:00:00', 4),
('SNA5565', 'Chitato', 'Snack', 'Pota', 20, '2024-07-08', 0, '2000', '3000', '0000-00-00 00:00:00', '0000-00-00 00:00:00', 2);

-- --------------------------------------------------------

--
-- Struktur dari tabel `detail_master`
--

CREATE TABLE `detail_master` (
  `detail_master_id` int(11) NOT NULL,
  `master_barang` varchar(255) NOT NULL,
  `tipe_barang` varchar(255) NOT NULL
) ENGINE=InnoDB DEFAULT CHARSET=utf8mb4;

--
-- Dumping data untuk tabel `detail_master`
--

INSERT INTO `detail_master` (`detail_master_id`, `master_barang`, `tipe_barang`) VALUES
(47, 'atk-20240401205', '2B'),
(48, 'atk-20240401226', 'isi 38 '),
(49, 'atk-20240401226', 'isi 58'),
(50, 'atk-20240401240', 'AE7'),
(51, 'atk-20240401256', '12mm'),
(52, 'atk-20240401283', '1 inch'),
(53, 'atk-20240401283', '2 inch'),
(54, 'atk-20240401360', 'Pen'),
(55, 'atk-20240401360', 'Tape'),
(56, 'atk-20240401401', 'Kecil'),
(57, 'atk-20240401401', 'Besar'),
(58, 'atk-20240401469', 'White'),
(59, 'atk-20240401469', 'Hitam'),
(60, 'atk-20240401497', '2B'),
(61, 'atk-20240401497', 'Mechanical'),
(62, 'atk-20240401497', 'HB'),
(63, 'atk-20240401497', 'Warna'),
(64, 'atk-20240401609', '1 inch'),
(65, 'atk-20240401609', '2 inch'),
(66, 'atk-20240401625', 'isi 42'),
(69, 'atk-20240401682', 'Kecil (1 Ply)'),
(70, 'atk-20240401694', '2B'),
(71, 'atk-20240401694', '2H'),
(72, 'atk-20240401754', 'Isi 38'),
(73, 'atk-20240401754', 'isi 58'),
(74, 'atk-20240401770', '2B'),
(75, 'atk-20240401811', 'GEL PEN'),
(76, 'atk-20240401950', 'isi 58'),
(77, 'bpok-20240401214', ' Goreng Original'),
(78, 'bpok-20240401214', 'Kuah Rasa Soto '),
(79, 'bpok-20240401214', 'Kuah Rasa Kari Ayam'),
(80, 'bpok-20240401214', 'Kuah Rasa Ayam Bawang'),
(81, 'bpok-20240401275', 'Kuah Pedes Dower'),
(82, 'bpok-20240401275', 'Kuah Bakso'),
(83, 'bpok-20240401275', 'Kuah Soto Ayam'),
(84, 'bpok-20240401275', 'Kuah Kari Ayam'),
(85, 'bpok-20240401445', 'Kuah Rasa Ayam Bawang'),
(86, 'bpok-20240401445', 'Kuah Rasa Bakso'),
(87, 'bpok-20240401445', 'Rasa Soto'),
(88, 'bpok-20240401519', 'Original'),
(89, 'bpok-20240401536', 'Goreng'),
(90, 'bpok-20240401654', 'Goreng'),
(91, 'bpok-20240401654', 'Kuah Rasa Soto'),
(92, 'bpok-20240401654', 'Ayam Bawang'),
(93, 'bpok-20240401789', 'Full Cream'),
(95, 'bpok-20240401789', 'Coklat'),
(96, 'bpok-20240401979', 'Original Ayam Bawang'),
(97, 'bpok-20240401979', 'Goreng Ayam Bawang'),
(99, 'bpok-20240402823', '500 gr'),
(100, 'bpok-20240402823', '1 kg'),
(101, 'bpok-20240402466', '500ml'),
(102, 'bpok-20240402466', '1 Liter'),
(103, 'perkap-20240523970', 'powder'),
(104, 'snack-20240526352', 'Balado'),
(105, 'snack-20240526190', 'coklat'),
(106, 'obt-20240527400', 'aaaaaaaaaaaaaaaaaaaaaaa');

-- --------------------------------------------------------

--
-- Struktur dari tabel `detail_penjualan_barang`
--

CREATE TABLE `detail_penjualan_barang` (
  `id` int(11) NOT NULL,
  `id_penjualan_barang` varchar(255) NOT NULL,
  `jumlah` int(100) NOT NULL,
  `sub_total` varchar(255) NOT NULL,
  `kode_barang` varchar(255) DEFAULT NULL,
  `id_kas` int(11) DEFAULT NULL,
  `keuntungan` varchar(255) NOT NULL,
  `id_transaksi` int(11) DEFAULT NULL
) ENGINE=InnoDB DEFAULT CHARSET=utf8mb4;

--
-- Dumping data untuk tabel `detail_penjualan_barang`
--

INSERT INTO `detail_penjualan_barang` (`id`, `id_penjualan_barang`, `jumlah`, `sub_total`, `kode_barang`, `id_kas`, `keuntungan`, `id_transaksi`) VALUES
(1, 'NHR-4534', 1, '25000', 'OBA4331', 248, '5000', 57),
(2, 'NHR-6519', 1, '3000', 'BAH9438', 252, '800', 60),
(3, 'NHR-6789', 9, '27000', 'BAH9438', 258, '7200', 61),
(4, 'NHR-1049', 10, '250000', 'OBA4331', 260, '50000', 62),
(5, 'NHR-1049', 20, '60000', 'SNA5565', 261, '20000', 63),
(6, 'NHR-6309', 23, '69000', 'BAH9438', 267, '18400', 64),
(7, 'NHR-6309', 2, '50000', 'OBA4331', 268, '10000', 65),
(8, 'NHR-6256', 77, '231000', 'BAH9438', 270, '61600', 66),
(9, 'NHR-8780', 1, '3000', 'BAH9438', 274, '800', 67);

-- --------------------------------------------------------

--
-- Struktur dari tabel `detail_restok`
--

CREATE TABLE `detail_restok` (
  `id` int(11) NOT NULL,
  `id_restok` varchar(255) NOT NULL,
  `kode_barang` varchar(255) NOT NULL,
  `harga_beli` varchar(255) NOT NULL,
  `jumlah_restok` int(11) NOT NULL,
  `sub_total` varchar(255) NOT NULL,
  `status_bayar` enum('lunas','hutang') NOT NULL
) ENGINE=InnoDB DEFAULT CHARSET=utf8mb4;

--
-- Dumping data untuk tabel `detail_restok`
--

INSERT INTO `detail_restok` (`id`, `id_restok`, `kode_barang`, `harga_beli`, `jumlah_restok`, `sub_total`, `status_bayar`) VALUES
(1, 'RST-20240701052040138', 'OBA4331', '25000', 1, '25000', 'lunas'),
(4, 'RST-20240714104122783', 'BAH9438', '2200', 1, '2200', 'lunas'),
(5, 'RST-20240714104247450', 'BAH9438', '2200', 1, '2200', 'lunas'),
(6, 'RST-20240714104523971', 'BAH9438', '2200', 1, '2200', 'lunas'),
(7, 'RST-20240714105227162', 'OBA4331', '20000', 8, '160000', 'lunas'),
(8, 'RST-20240714105238152', 'OBA4331', '20000', 8, '160000', 'lunas'),
(9, 'RST-20240714105244106', 'OBA4331', '20000', 8, '160000', 'lunas');

-- --------------------------------------------------------

--
-- Struktur dari tabel `hutang`
--

CREATE TABLE `hutang` (
  `id_hutang` int(11) NOT NULL,
  `keterangan` varchar(255) DEFAULT NULL,
  `jumlah` varchar(255) DEFAULT NULL,
  `tanggal` date DEFAULT NULL,
  `jumlah_sisa` varchar(255) DEFAULT NULL,
  `status` enum('hutang','lunas') NOT NULL DEFAULT 'hutang'
) ENGINE=InnoDB DEFAULT CHARSET=utf8mb4;

--
-- Dumping data untuk tabel `hutang`
--

INSERT INTO `hutang` (`id_hutang`, `keterangan`, `jumlah`, `tanggal`, `jumlah_sisa`, `status`) VALUES
(2, 'Hutang dari restok dengan ID RST-20240714105244106', '0', '2024-07-14', NULL, 'lunas'),
(3, 'ugiy', '0', '2024-07-09', NULL, 'lunas'),
(4, 'Hutang dari restok dengan ID RST-20240714105606938', '0', '2024-07-14', NULL, 'lunas');

-- --------------------------------------------------------

--
-- Struktur dari tabel `inventaris`
--

CREATE TABLE `inventaris` (
  `kode_barang` varchar(255) NOT NULL,
  `id_master_barang` int(11) NOT NULL,
  `kondisi` varchar(100) NOT NULL,
  `spesifikasi` varchar(110) NOT NULL,
  `id_satuan` int(11) NOT NULL,
  `lokasi` varchar(255) NOT NULL,
  `tgl_perolehan` date NOT NULL,
  `qrcode` text NOT NULL,
  `file` text NOT NULL,
  `created_at` datetime NOT NULL,
  `updated_at` datetime NOT NULL,
  `deleted_at` datetime NOT NULL,
  `detail` varchar(110) NOT NULL
) ENGINE=InnoDB DEFAULT CHARSET=utf8mb4;

-- --------------------------------------------------------

--
-- Struktur dari tabel `kas_toko`
--

CREATE TABLE `kas_toko` (
  `id_kas` int(11) NOT NULL,
  `tanggal` date NOT NULL,
  `jenis_transaksi` enum('penerimaan','pengeluaran') NOT NULL,
  `keterangan` text NOT NULL,
  `jumlah_awal` varchar(255) NOT NULL,
  `jumlah_akhir` varchar(255) NOT NULL,
  `saldo_terakhir` varchar(255) NOT NULL
) ENGINE=InnoDB DEFAULT CHARSET=utf8mb4;

--
-- Dumping data untuk tabel `kas_toko`
--

INSERT INTO `kas_toko` (`id_kas`, `tanggal`, `jenis_transaksi`, `keterangan`, `jumlah_awal`, `jumlah_akhir`, `saldo_terakhir`) VALUES
(242, '2024-06-23', 'penerimaan', 'Saldo', '200000', '200000', '200000'),
(243, '2024-06-24', 'penerimaan', 'untuk', '200000', '+120000', '320000'),
(244, '2024-06-24', 'penerimaan', 'jajan', '320000', '+200000', '520000'),
(245, '2024-07-01', 'pengeluaran', 'Pembelian barang: Madu', '320000', '300000', '300000'),
(246, '2024-07-01', 'pengeluaran', 'Restok barang', '300000', '25000', '275000'),
(247, '2024-07-01', '', 'Update last balance after deletion', '300000', '275000', '275000'),
(248, '2024-07-04', 'penerimaan', 'Penjualan barang tes- Madu', '275000', '300000', '300000'),
(249, '2024-07-04', 'penerimaan', 'Penjualan barang - NHR-4534', '300000', '325000', '325000'),
(250, '2024-07-08', 'pengeluaran', 'Pembelian barang: Sabun', '300000', '297800', '297800'),
(251, '2024-07-08', 'pengeluaran', 'Pembelian barang: Chitato', '297800', '295800', '295800'),
(252, '2024-07-08', 'penerimaan', 'Penjualan barang tes- Sabun', '295800', '298800', '298800'),
(253, '2024-07-08', 'penerimaan', 'Penjualan barang - NHR-6519', '298800', '302800', '302800'),
(254, '2024-07-11', 'penerimaan', 'Pembayaran piutang', '302800', '303800', '303800'),
(255, '2024-07-11', 'penerimaan', 'Pembayaran piutang', '302800', '303800', '303800'),
(256, '2024-07-11', 'pengeluaran', 'gaji', '303800', '200000', '103800'),
(257, '2024-07-11', 'pengeluaran', 'lainnya', '103800', '20000', '83800'),
(258, '2024-07-11', 'penerimaan', 'Penjualan barang tes- Sabun', '83800', '110800', '110800'),
(259, '2024-07-11', 'penerimaan', 'Penjualan barang - NHR-6789', '110800', '137800', '137800'),
(260, '2024-07-11', 'penerimaan', 'Penjualan barang tes- Madu', '137800', '387800', '387800'),
(261, '2024-07-11', 'penerimaan', 'Penjualan barang tes- Chitato', '387800', '447800', '447800'),
(262, '2024-07-11', 'penerimaan', 'Penjualan barang - NHR-1049', '447800', '757800', '757800'),
(263, '2024-07-11', 'pengeluaran', 'Restok barang', '757800', '250000', '507800'),
(264, '2024-07-11', '', 'Update last balance after deletion', '103800', '507800', '507800'),
(265, '2024-07-11', 'pengeluaran', 'Restok barang', '507800', '600000', '-92200'),
(266, '2024-07-11', '', 'Update last balance after deletion', '103800', '-92200', '-92200'),
(267, '2024-07-11', 'penerimaan', 'Penjualan barang tes- Sabun', '-92200', '-23200', '-23200'),
(268, '2024-07-11', 'penerimaan', 'Penjualan barang tes- Madu', '-23200', '26800', '26800'),
(269, '2024-07-11', 'penerimaan', 'Penjualan barang - NHR-6309', '26800', '145800', '145800'),
(270, '2024-07-14', 'penerimaan', 'Penjualan barang tes- Sabun', '145800', '376800', '376800'),
(271, '2024-07-14', 'penerimaan', 'Penjualan barang - NHR-6256', '376800', '607800', '607800'),
(272, '2024-07-14', 'pengeluaran', 'Pembayaran hutang: Hutang Restok RST-20240711065335871(Sabun)', '607800', '220000', '387800'),
(273, '2024-07-15', 'pengeluaran', 'Listrik', '-20000', '-20000', '367800'),
(274, '2024-07-14', 'penerimaan', 'Penjualan barang tes- Sabun', '367800', '370800', '370800'),
(275, '2024-07-14', 'penerimaan', 'Penjualan barang - NHR-8780', '370800', '374800', '374800'),
(276, '2024-07-14', 'pengeluaran', 'Restok barang', '374800', '1000', '373800'),
(277, '2024-07-14', '', 'Update last balance after deletion', '367800', '373800', '373800'),
(278, '2024-07-14', 'pengeluaran', 'Restok barang', '373800', '1', '373799'),
(279, '2024-07-14', '', 'Update last balance after deletion', '367800', '373799', '373799'),
(280, '2024-07-14', 'pengeluaran', 'Restok barang', '373799', '2000', '371799'),
(281, '2024-07-14', '', 'Update last balance after deletion', '367800', '371799', '371799'),
(282, '2024-07-14', 'pengeluaran', 'Restok barang', '371799', '120000', '251799'),
(283, '2024-07-14', '', 'Update last balance after deletion', '367800', '251799', '251799'),
(284, '2024-07-14', 'pengeluaran', 'Restok barang', '251799', '1', '251798'),
(285, '2024-07-14', '', 'Update last balance after deletion', '367800', '251798', '251798'),
(286, '2024-07-14', 'pengeluaran', 'Pembayaran hutang: Hutang dari restok dengan ID RST-20240714105606938', '251798', '19999', '231799'),
(287, '2024-07-14', 'pengeluaran', 'Pembayaran hutang: ugiy', '231799', '12000', '219799'),
(288, '2024-07-14', 'pengeluaran', 'Pembayaran hutang: Hutang dari restok dengan ID RST-20240714105244106', '219799', '40000', '179799');

-- --------------------------------------------------------

--
-- Struktur dari tabel `master_barang`
--

CREATE TABLE `master_barang` (
  `kode_brg` varchar(255) NOT NULL,
  `nama_brg` varchar(255) NOT NULL,
  `jenis_brg` enum('obat','shampo','bahan_pokok','atk','sabun','minuman','snack','gas','galon','perlengkapan') NOT NULL,
  `merk` varchar(255) NOT NULL,
  `created_at` datetime NOT NULL,
  `updated_at` datetime NOT NULL
) ENGINE=InnoDB DEFAULT CHARSET=utf8mb4;

--
-- Dumping data untuk tabel `master_barang`
--

INSERT INTO `master_barang` (`kode_brg`, `nama_brg`, `jenis_brg`, `merk`, `created_at`, `updated_at`) VALUES
('bpok-20240402466', 'Minyak Goreng', 'bahan_pokok', 'Bimoli', '0000-00-00 00:00:00', '0000-00-00 00:00:00'),
('bpok-20240402823', 'Telur', 'bahan_pokok', 'Ayam ', '0000-00-00 00:00:00', '0000-00-00 00:00:00'),
('gas-20240401800', 'Gas LPG', 'gas', 'Pertamina', '0000-00-00 00:00:00', '0000-00-00 00:00:00'),
('minuman-20240401188', 'Minuman Isotonic', 'minuman', 'Pocari Sweat', '0000-00-00 00:00:00', '0000-00-00 00:00:00'),
('minuman-20240401260', 'Minuman Isotonic', 'minuman', 'Mizone', '0000-00-00 00:00:00', '0000-00-00 00:00:00'),
('minuman-20240401433', 'SUSU UHT', 'minuman', 'Ultra Milk', '0000-00-00 00:00:00', '0000-00-00 00:00:00'),
('minuman-20240401756', 'Yogurt Cimory', 'minuman', 'Cimory', '0000-00-00 00:00:00', '0000-00-00 00:00:00'),
('minuman-20240401842', 'Teh Botol', 'minuman', 'Sosro', '0000-00-00 00:00:00', '0000-00-00 00:00:00'),
('minuman-20240401860', 'Yakult', 'minuman', 'Yaklut', '0000-00-00 00:00:00', '0000-00-00 00:00:00'),
('minuman-20240401913', 'Sari Kacang Hijau', 'minuman', 'ABC', '0000-00-00 00:00:00', '0000-00-00 00:00:00'),
('obt-20240402219', 'Minyak Angin', 'obat', 'Freshcare', '0000-00-00 00:00:00', '0000-00-00 00:00:00'),
('obt-20240527400', 'aaaaaaaaaa', 'obat', 'aaaaaaaaaaaa', '0000-00-00 00:00:00', '0000-00-00 00:00:00'),
('perkap-20240402130', 'Cat Rambut', 'perlengkapan', 'Miranda', '0000-00-00 00:00:00', '0000-00-00 00:00:00'),
('perkap-20240402212', 'Cat Rambut', 'perlengkapan', 'Garnier', '0000-00-00 00:00:00', '0000-00-00 00:00:00'),
('perkap-20240402484', 'Bedak Bayi', 'perlengkapan', 'My Baby', '0000-00-00 00:00:00', '0000-00-00 00:00:00'),
('perkap-20240402833', 'Cat Rambut', 'perlengkapan', 'Nyu', '0000-00-00 00:00:00', '0000-00-00 00:00:00'),
('perkap-20240402866', 'Pembalut', 'perlengkapan', 'Charm', '0000-00-00 00:00:00', '0000-00-00 00:00:00'),
('perkap-20240402984', 'Pembalut', 'perlengkapan', 'Laurier', '0000-00-00 00:00:00', '0000-00-00 00:00:00'),
('perkap-20240523970', 'Cat Rambut', 'perlengkapan', 'Mira', '0000-00-00 00:00:00', '0000-00-00 00:00:00'),
('sabun-20240402164', 'Rexona Sachet Girl', 'sabun', 'Rexona', '0000-00-00 00:00:00', '0000-00-00 00:00:00'),
('sabun-20240402209', 'Sabun Batang', 'sabun', 'Nuvo', '0000-00-00 00:00:00', '0000-00-00 00:00:00'),
('sabun-20240402242', 'Facial Wash', 'sabun', 'Fair n Lovely', '0000-00-00 00:00:00', '0000-00-00 00:00:00'),
('sabun-20240402269', 'Facial Wash', 'sabun', 'Garnier', '0000-00-00 00:00:00', '0000-00-00 00:00:00'),
('sabun-20240402272', 'Sabun Pembersih Lantai', 'sabun', 'So Klin', '0000-00-00 00:00:00', '0000-00-00 00:00:00'),
('sabun-20240402302', 'Sabun Batang', 'sabun', 'Lifeboy', '0000-00-00 00:00:00', '0000-00-00 00:00:00'),
('sabun-20240402307', 'Sabun Cair', 'sabun', 'Lifeboy', '0000-00-00 00:00:00', '0000-00-00 00:00:00'),
('sabun-20240402483', 'Sabun Cair', 'sabun', 'Nuvo', '0000-00-00 00:00:00', '0000-00-00 00:00:00'),
('shampo-20240402822', 'Shampoo Clear ', 'shampo', 'Clear', '0000-00-00 00:00:00', '0000-00-00 00:00:00'),
('snack-20240402153', 'Malkist Roma', 'snack', 'Roma', '0000-00-00 00:00:00', '0000-00-00 00:00:00'),
('snack-20240402634', 'Go Potato', 'snack', 'Deo', '0000-00-00 00:00:00', '0000-00-00 00:00:00'),
('snack-20240526190', 'eskrim', 'snack', 'padle pop', '0000-00-00 00:00:00', '0000-00-00 00:00:00'),
('snack-20240526352', 'Makaroni', 'snack', 'ABC', '0000-00-00 00:00:00', '0000-00-00 00:00:00');

-- --------------------------------------------------------

--
-- Struktur dari tabel `migrations`
--

CREATE TABLE `migrations` (
  `id` bigint(20) UNSIGNED NOT NULL,
  `version` varchar(255) NOT NULL,
  `class` varchar(255) NOT NULL,
  `group` varchar(255) NOT NULL,
  `namespace` varchar(255) NOT NULL,
  `time` int(11) NOT NULL,
  `batch` int(11) UNSIGNED NOT NULL
) ENGINE=InnoDB DEFAULT CHARSET=utf8;

--
-- Dumping data untuk tabel `migrations`
--

INSERT INTO `migrations` (`id`, `version`, `class`, `group`, `namespace`, `time`, `batch`) VALUES
(1, '2017-11-20-223112', 'Myth\\Auth\\Database\\Migrations\\CreateAuthTables', 'default', 'Myth\\Auth', 1695796381, 1);

-- --------------------------------------------------------

--
-- Struktur dari tabel `modal_toko`
--

CREATE TABLE `modal_toko` (
  `id_modal` int(11) NOT NULL,
  `sumber` varchar(255) DEFAULT NULL,
  `jumlah` varchar(255) DEFAULT NULL
) ENGINE=InnoDB DEFAULT CHARSET=utf8mb4;

--
-- Dumping data untuk tabel `modal_toko`
--

INSERT INTO `modal_toko` (`id_modal`, `sumber`, `jumlah`) VALUES
(3, 'Pak Tani', '1200000'),
(4, 'SHU', '15000000');

-- --------------------------------------------------------

--
-- Struktur dari tabel `pelanggan`
--

CREATE TABLE `pelanggan` (
  `id_pelanggan` int(11) NOT NULL,
  `nama` varchar(30) NOT NULL,
  `kontak` char(14) NOT NULL,
  `alamat` text NOT NULL,
  `created_at` datetime NOT NULL,
  `updated_at` datetime NOT NULL
) ENGINE=InnoDB DEFAULT CHARSET=utf8mb4;

--
-- Dumping data untuk tabel `pelanggan`
--

INSERT INTO `pelanggan` (`id_pelanggan`, `nama`, `kontak`, `alamat`, `created_at`, `updated_at`) VALUES
(1, 'Dinda', '081971234', 'Kaliwungu', '2024-03-15 17:24:47', '0000-00-00 00:00:00'),
(2, 'Gunadi', '08198989', 'Pekalongan', '2024-03-15 17:59:17', '2024-07-14 21:27:18');

-- --------------------------------------------------------

--
-- Struktur dari tabel `pemasukan`
--

CREATE TABLE `pemasukan` (
  `id` int(11) NOT NULL,
  `tanggal` date DEFAULT NULL,
  `keterangan` varchar(255) DEFAULT NULL,
  `jumlah` varchar(255) DEFAULT NULL,
  `id_detail_penjualan_barang` varchar(255) NOT NULL,
  `id_kas` int(11) DEFAULT NULL
) ENGINE=InnoDB DEFAULT CHARSET=utf8mb4;

--
-- Dumping data untuk tabel `pemasukan`
--

INSERT INTO `pemasukan` (`id`, `tanggal`, `keterangan`, `jumlah`, `id_detail_penjualan_barang`, `id_kas`) VALUES
(54, '2024-07-04', 'Penjualan barang tes- Madu', NULL, '', 248),
(55, '2024-07-08', 'Penjualan barang tes- Sabun', NULL, '', 252),
(56, '2024-07-11', 'Penjualan barang tes- Sabun', NULL, '', 258),
(57, '2024-07-11', 'Penjualan barang tes- Madu', NULL, '', 260),
(58, '2024-07-11', 'Penjualan barang tes- Chitato', NULL, '', 261),
(59, '2024-07-11', 'Penjualan barang tes- Sabun', NULL, '', 267),
(60, '2024-07-11', 'Penjualan barang tes- Madu', NULL, '', 268),
(61, '2024-07-14', 'Penjualan barang tes- Sabun', NULL, '', 270),
(62, '2024-07-14', 'Penjualan barang tes- Sabun', NULL, '', 274);

-- --------------------------------------------------------

--
-- Struktur dari tabel `pembayaran_piutang`
--

CREATE TABLE `pembayaran_piutang` (
  `id_pembayaran_piutang` int(11) NOT NULL,
  `id_piutang` int(11) NOT NULL,
  `tanggal_pembayaran` date NOT NULL,
  `jumlah_pembayaran` varchar(255) NOT NULL
) ENGINE=InnoDB DEFAULT CHARSET=utf8mb4;

--
-- Dumping data untuk tabel `pembayaran_piutang`
--

INSERT INTO `pembayaran_piutang` (`id_pembayaran_piutang`, `id_piutang`, `tanggal_pembayaran`, `jumlah_pembayaran`) VALUES
(35, 22, '2024-07-11', '1000');

-- --------------------------------------------------------

--
-- Struktur dari tabel `pengeluaran`
--

CREATE TABLE `pengeluaran` (
  `id` int(11) NOT NULL,
  `tanggal` date DEFAULT NULL,
  `keterangan` varchar(255) DEFAULT NULL,
  `jumlah` varchar(255) DEFAULT NULL,
  `id_saldo` int(11) DEFAULT NULL,
  `id_kas` int(11) DEFAULT NULL
) ENGINE=InnoDB DEFAULT CHARSET=utf8mb4;

--
-- Dumping data untuk tabel `pengeluaran`
--

INSERT INTO `pengeluaran` (`id`, `tanggal`, `keterangan`, `jumlah`, `id_saldo`, `id_kas`) VALUES
(69, '2024-07-11', 'Restok barang', '25000', NULL, NULL),
(70, '2024-07-11', 'Pembelian barang: Sabun', '2200', NULL, 250),
(71, '2024-07-11', 'Pembelian barang: Chitato', '2000', NULL, 251),
(72, '2024-07-11', 'gaji', '200000', NULL, NULL),
(73, '2024-07-11', 'lainnya', '20000', NULL, NULL),
(74, '2024-07-11', 'Restok barang', '220000', NULL, NULL),
(75, '2024-07-11', 'Restok barang', '600000', NULL, NULL),
(76, '2024-07-14', 'Pembayaran Hutang', '220000', NULL, NULL),
(77, '2024-07-14', 'Restok barang', '2200', NULL, NULL),
(78, '2024-07-14', 'Restok barang', '2200', NULL, NULL),
(79, '2024-07-14', 'Restok barang', '4400', NULL, NULL),
(80, '2024-07-14', 'Restok barang', '160000', NULL, NULL),
(81, '2024-07-14', 'Restok barang', '20000', NULL, NULL),
(82, '2024-07-14', 'Pembayaran Hutang', '19999', NULL, NULL),
(83, '2024-07-14', 'Pembayaran Hutang', '12000', NULL, NULL),
(84, '2024-07-14', 'Pembayaran Hutang', '40000', NULL, NULL);

-- --------------------------------------------------------

--
-- Struktur dari tabel `penjualan_barang`
--

CREATE TABLE `penjualan_barang` (
  `penjualan_barang_id` varchar(255) NOT NULL,
  `tanggal_penjualan` date NOT NULL,
  `id_pelanggan` int(11) NOT NULL,
  `total_penjualan` varchar(255) DEFAULT NULL,
  `jumlah_uang` varchar(255) DEFAULT NULL,
  `status_piutang` enum('belum_lunas','lunas') DEFAULT NULL
) ENGINE=InnoDB DEFAULT CHARSET=utf8mb4;

--
-- Dumping data untuk tabel `penjualan_barang`
--

INSERT INTO `penjualan_barang` (`penjualan_barang_id`, `tanggal_penjualan`, `id_pelanggan`, `total_penjualan`, `jumlah_uang`, `status_piutang`) VALUES
('NHR-1049', '2024-07-11', 1, '310000', '320000', 'lunas'),
('NHR-4534', '2024-07-04', 2, '25000', '30000', 'lunas'),
('NHR-6256', '2024-07-14', 2, '231000', '240000', 'lunas'),
('NHR-6309', '2024-07-11', 1, '119000', '120000', 'lunas'),
('NHR-6519', '2024-07-08', 1, '3000', '3000', 'lunas'),
('NHR-6789', '2024-07-11', 2, '27000', '30000', 'lunas'),
('NHR-8780', '2024-07-14', 1, '3000', '2000', 'belum_lunas');

-- --------------------------------------------------------

--
-- Struktur dari tabel `perkiraan_penjualan`
--

CREATE TABLE `perkiraan_penjualan` (
  `id` int(11) NOT NULL,
  `kode_barang` varchar(255) NOT NULL,
  `id_satuan` int(11) NOT NULL,
  `metode_perkiraan` varchar(50) NOT NULL,
  `periode_perkiraan` varchar(50) NOT NULL,
  `hasil_perkiraan` int(11) NOT NULL,
  `created_at` datetime NOT NULL
) ENGINE=InnoDB DEFAULT CHARSET=utf8mb4;

--
-- Dumping data untuk tabel `perkiraan_penjualan`
--

INSERT INTO `perkiraan_penjualan` (`id`, `kode_barang`, `id_satuan`, `metode_perkiraan`, `periode_perkiraan`, `hasil_perkiraan`, `created_at`) VALUES
(39, 'ATK5201', 21, 'exponential_smoothing', '12', 1, '0000-00-00 00:00:00'),
(40, 'BAH7376', 22, 'moving_average', '13', 3, '0000-00-00 00:00:00'),
(41, 'SNA7216', 20, 'time_series', '5', 6, '0000-00-00 00:00:00'),
(42, 'SNA7216', 20, 'exponential_smoothing', '5', 1, '0000-00-00 00:00:00'),
(43, 'OBA4331', 20, 'moving_average', '6', 6, '0000-00-00 00:00:00');

-- --------------------------------------------------------

--
-- Struktur dari tabel `piutang`
--

CREATE TABLE `piutang` (
  `id_piutang` int(11) NOT NULL,
  `id_penjualan_barang` varchar(255) NOT NULL,
  `id_pelanggan` int(11) NOT NULL,
  `tanggal_piutang` date NOT NULL,
  `jatuh_tempo` date NOT NULL,
  `jumlah_piutang` varchar(255) NOT NULL,
  `jumlah_terbayar` varchar(255) DEFAULT NULL,
  `status_piutang` enum('belum_lunas','lunas') DEFAULT 'belum_lunas'
) ENGINE=InnoDB DEFAULT CHARSET=utf8mb4;

--
-- Dumping data untuk tabel `piutang`
--

INSERT INTO `piutang` (`id_piutang`, `id_penjualan_barang`, `id_pelanggan`, `tanggal_piutang`, `jatuh_tempo`, `jumlah_piutang`, `jumlah_terbayar`, `status_piutang`) VALUES
(14, 'NHR-9931', 2, '2024-06-21', '2024-07-21', '0', '4000', 'lunas'),
(15, 'NHR-4742', 1, '2024-06-21', '2024-07-21', '0', '24000', 'lunas'),
(21, 'NHR-5453', 1, '2024-06-22', '2024-07-22', '0', '3000', 'lunas'),
(22, 'NHR-6519', 1, '2024-07-08', '2024-08-07', '0', '3000', 'lunas'),
(23, 'NHR-8780', 1, '2024-07-14', '2024-08-13', '1000', '2000', 'belum_lunas');

-- --------------------------------------------------------

--
-- Struktur dari tabel `restok`
--

CREATE TABLE `restok` (
  `restok_id` varchar(255) NOT NULL,
  `tanggal` date DEFAULT NULL,
  `id_supplier` int(11) NOT NULL,
  `jumlah_pembayaran` varchar(255) DEFAULT NULL,
  `jumlah_uang` varchar(255) NOT NULL,
  `kembalian` varchar(255) NOT NULL
) ENGINE=InnoDB DEFAULT CHARSET=utf8mb4;

--
-- Dumping data untuk tabel `restok`
--

INSERT INTO `restok` (`restok_id`, `tanggal`, `id_supplier`, `jumlah_pembayaran`, `jumlah_uang`, `kembalian`) VALUES
('RST-20240701052040138', '2024-07-01', 1, '25000', '25000', '0'),
('RST-20240714104122783', '2024-07-14', 2, '2200', '1000', '1200'),
('RST-20240714104247450', '2024-07-14', 2, '2200', '1000', '-1200'),
('RST-20240714104523971', '2024-07-14', 1, '2200', '1', '-2199'),
('RST-20240714105227162', '2024-07-14', 2, '160000', '120000', '-40000'),
('RST-20240714105238152', '2024-07-14', 2, '160000', '120000', '-40000'),
('RST-20240714105244106', '2024-07-14', 2, '160000', '120000', '-40000');

-- --------------------------------------------------------

--
-- Struktur dari tabel `satuan`
--

CREATE TABLE `satuan` (
  `satuan_id` int(11) NOT NULL,
  `nama_satuan` varchar(255) DEFAULT NULL,
  `created_at` datetime DEFAULT NULL,
  `updated_at` datetime DEFAULT NULL
) ENGINE=InnoDB DEFAULT CHARSET=utf8mb4;

--
-- Dumping data untuk tabel `satuan`
--

INSERT INTO `satuan` (`satuan_id`, `nama_satuan`, `created_at`, `updated_at`) VALUES
(20, 'PCS', '2024-06-11 22:04:21', '2024-06-14 19:56:54'),
(21, 'PACK', '2024-06-11 22:17:02', '2024-06-14 19:57:37'),
(23, 'LITER', '2024-07-14 21:04:53', '2024-07-14 21:05:03');

-- --------------------------------------------------------

--
-- Struktur dari tabel `supplier`
--

CREATE TABLE `supplier` (
  `id_supplier` int(11) NOT NULL,
  `nama` varchar(255) DEFAULT NULL,
  `alamat` text DEFAULT NULL,
  `kontak` varchar(50) DEFAULT NULL
) ENGINE=InnoDB DEFAULT CHARSET=utf8mb4;

--
-- Dumping data untuk tabel `supplier`
--

INSERT INTO `supplier` (`id_supplier`, `nama`, `alamat`, `kontak`) VALUES
(1, 'Abidin', 'Semarang', '0819798898765'),
(2, 'Yes or NO', 'Kecalung', '08987544256'),
(4, 'Sukimin', 'Sukamdu', '08078263456'),
(5, 'jaiso', 'hhhh', '987967679');

-- --------------------------------------------------------

--
-- Struktur dari tabel `transaksi_barang`
--

CREATE TABLE `transaksi_barang` (
  `id` int(11) NOT NULL,
  `kode_barang` varchar(255) DEFAULT NULL,
  `tanggal_barang_masuk` date DEFAULT NULL,
  `tanggal_barang_keluar` date DEFAULT NULL,
  `stok` int(11) NOT NULL,
  `jenis_transaksi` varchar(20) NOT NULL,
  `informasi_tambahan` text DEFAULT NULL,
  `jumlah_perubahan` int(11) NOT NULL,
  `keuntungan` varchar(255) NOT NULL,
  `deleted_at` datetime NOT NULL
) ENGINE=InnoDB DEFAULT CHARSET=utf8mb4;

--
-- Dumping data untuk tabel `transaksi_barang`
--

INSERT INTO `transaksi_barang` (`id`, `kode_barang`, `tanggal_barang_masuk`, `tanggal_barang_keluar`, `stok`, `jenis_transaksi`, `informasi_tambahan`, `jumlah_perubahan`, `keuntungan`, `deleted_at`) VALUES
(1, 'SNA7216', NULL, '2024-06-16', 1, 'pengeluaran', 'Penjualan barang tes- Eskrim', 1, '', '2024-06-23 15:16:31'),
(2, 'SNA7216', NULL, '2024-06-16', 1, 'pengeluaran', 'Penjualan barang tes- Eskrim', 1, '', '2024-06-23 15:16:31'),
(3, 'BAH7376', NULL, '2024-06-16', 1, 'pengeluaran', 'Penjualan barang tes- Minyak goreng', 1, '', '0000-00-00 00:00:00'),
(4, 'SNA7216', NULL, '2024-06-16', 1, 'pengeluaran', 'Penjualan barang tes- Eskrim', 1, '', '2024-06-23 15:16:31'),
(5, 'BAH7376', NULL, '2024-06-16', 1, 'pengeluaran', 'Penjualan barang tes- Minyak goreng', 1, '', '0000-00-00 00:00:00'),
(6, 'SNA7216', NULL, '2024-06-16', 1, 'pengeluaran', 'Penjualan barang tes- Eskrim', 1, '', '2024-06-23 15:16:31'),
(7, 'SNA7216', NULL, '2024-06-16', 1, 'pengeluaran', 'Penjualan barang tes- Eskrim', 1, '', '2024-06-23 15:16:31'),
(8, 'SNA7216', NULL, '2024-06-16', 1, 'pengeluaran', 'Penjualan barang tes- Eskrim', 1, '', '2024-06-23 15:16:31'),
(9, 'BAH7376', NULL, '2024-06-16', 1, 'pengeluaran', 'Penjualan barang tes- Minyak goreng', 1, '', '0000-00-00 00:00:00'),
(10, 'SNA7216', NULL, '2024-06-16', 1, 'pengeluaran', 'Penjualan barang tes- Eskrim', 1, '', '2024-06-23 15:16:31'),
(11, 'SNA7216', NULL, '2024-06-16', 1, 'pengeluaran', 'Penjualan barang tes- Eskrim', 1, '', '2024-06-23 15:16:31'),
(12, 'SNA7216', NULL, '2024-06-16', 1, 'pengeluaran', 'Penjualan barang tes- Eskrim', 1, '', '2024-06-23 15:16:31'),
(13, 'SNA7216', NULL, '2024-06-16', 1, 'pengeluaran', 'Penjualan barang tes- Eskrim', 1, '', '2024-06-23 15:16:31'),
(14, 'ATK5201', '2024-06-16', NULL, 100, 'masuk', 'Penambahan stok.', 100, '', '0000-00-00 00:00:00'),
(15, 'ATK5201', NULL, '2024-06-16', 1, 'pengeluaran', 'Penjualan barang tes- Bolpoint', 1, '', '0000-00-00 00:00:00'),
(16, 'SNA7216', NULL, '2024-06-16', 2, 'pengeluaran', 'Penjualan barang tes- Eskrim', 2, '', '2024-06-23 15:16:31'),
(17, 'ATK5201', NULL, '2024-06-16', 1, 'pengeluaran', 'Penjualan barang tes- Bolpoint', 1, '', '0000-00-00 00:00:00'),
(18, 'SNA7216', NULL, '2024-06-16', 2, 'pengeluaran', 'Penjualan barang tes- Eskrim', 2, '', '2024-06-23 15:16:31'),
(19, 'SNA7216', NULL, '2024-06-16', 1, 'pengeluaran', 'Penjualan barang tes- Eskrim', 1, '', '2024-06-23 15:16:31'),
(20, 'ATK5201', NULL, '2024-06-16', 1, 'pengeluaran', 'Penjualan barang tes- Bolpoint', 1, '', '0000-00-00 00:00:00'),
(21, 'ATK5201', NULL, '2024-06-16', 1, 'pengeluaran', 'Penjualan barang tes- Bolpoint', 1, '', '0000-00-00 00:00:00'),
(22, 'ATK5201', NULL, '2024-06-16', 1, 'pengeluaran', 'Penjualan barang tes- Bolpoint', 1, '', '0000-00-00 00:00:00'),
(23, 'ATK5201', NULL, '2024-06-16', 1, 'pengeluaran', 'Penjualan barang tes- Bolpoint', 1, '', '0000-00-00 00:00:00'),
(24, 'ATK5201', NULL, '2024-06-16', 1, 'pengeluaran', 'Penjualan barang tes- Bolpoint', 1, '', '0000-00-00 00:00:00'),
(25, 'SNA7216', NULL, '2024-06-16', 1, 'pengeluaran', 'Penjualan barang tes- Eskrim', 1, '', '2024-06-23 15:16:31'),
(26, 'SNA7216', NULL, '2024-06-16', 1, 'pengeluaran', 'Penjualan barang tes- Eskrim', 1, '', '2024-06-23 15:16:31'),
(27, 'SNA7216', NULL, '2024-06-16', 1, 'pengeluaran', 'Penjualan barang tes- Eskrim', 1, '', '2024-06-23 15:16:31'),
(28, 'SNA7216', NULL, '2024-06-16', 1, 'pengeluaran', 'Penjualan barang tes- Eskrim', 1, '', '2024-06-23 15:16:31'),
(29, 'ATK5201', NULL, '2024-06-16', 1, 'pengeluaran', 'Penjualan barang tes- Bolpoint', 1, '', '0000-00-00 00:00:00'),
(30, 'SNA7216', NULL, '2024-06-16', 1, 'pengeluaran', 'Penjualan barang tes- Eskrim', 1, '', '2024-06-23 15:16:31'),
(31, 'SNA7216', NULL, '2024-06-16', 1, 'pengeluaran', 'Penjualan barang tes- Eskrim', 1, '', '2024-06-23 15:16:31'),
(32, 'SNA7216', NULL, '2024-06-16', 1, 'pengeluaran', 'Penjualan barang tes- Eskrim', 1, '', '2024-06-23 15:16:31'),
(33, 'SNA7216', NULL, '2024-06-16', 1, 'pengeluaran', 'Penjualan barang tes penjualan- Eskrim', 1, '', '2024-06-23 15:16:31'),
(34, 'SNA7216', NULL, '2024-06-16', 1, 'pengeluaran', 'Penjualan barang tes- Eskrim', 1, '', '2024-06-23 15:16:31'),
(35, 'ATK5201', NULL, '2024-06-16', 1, 'pengeluaran', 'Penjualan barang tes- Bolpoint', 1, '', '0000-00-00 00:00:00'),
(36, 'ATK5201', NULL, '2024-06-16', 2, 'pengeluaran', 'Penjualan barang tes- Bolpoint', 2, '', '0000-00-00 00:00:00'),
(37, 'ATK5201', NULL, '2024-06-16', 1, 'pengeluaran', 'Penjualan barang tes- Bolpoint', 1, '', '0000-00-00 00:00:00'),
(38, 'BAH7376', NULL, '2024-06-16', 3, 'pengeluaran', 'Penjualan barang tes- Minyak goreng', 3, '', '0000-00-00 00:00:00'),
(39, 'SNA7216', NULL, '2024-06-16', 6, 'pengeluaran', 'Penjualan barang tes- Eskrim', 6, '', '2024-06-23 15:16:31'),
(40, 'ATK5201', NULL, '2024-06-20', 1, 'pengeluaran', 'Penjualan barang tes- Bolpoint', 1, '', '0000-00-00 00:00:00'),
(41, 'SNA7216', NULL, '2024-06-21', 2, 'pengeluaran', 'Penjualan barang tes- Eskrim', 2, '', '2024-06-23 15:16:31'),
(42, 'ATK5201', NULL, '2024-06-21', 1, 'pengeluaran', 'Penjualan barang tes- Bolpoint', 1, '', '0000-00-00 00:00:00'),
(43, 'SNA7216', NULL, '2024-06-21', 1, 'pengeluaran', 'Penjualan barang tes- Eskrim', 1, '', '2024-06-23 15:16:31'),
(44, 'ATK5201', NULL, '2024-06-21', 2, 'pengeluaran', 'Penjualan barang tes- Bolpoint', 2, '', '0000-00-00 00:00:00'),
(45, 'ATK5201', NULL, '2024-06-21', 2, 'pengeluaran', 'Penjualan barang tes- Bolpoint', 2, '', '0000-00-00 00:00:00'),
(46, 'ATK5201', NULL, '2024-06-21', 2, 'pengeluaran', 'Penjualan barang tes- Bolpoint', 2, '', '0000-00-00 00:00:00'),
(47, 'ATK5201', NULL, '2024-06-21', 2, 'pengeluaran', 'Penjualan barang tes- Bolpoint', 2, '', '0000-00-00 00:00:00'),
(48, 'SNA7216', NULL, '2024-06-21', 2, 'pengeluaran', 'Penjualan barang tes- Eskrim', 2, '', '2024-06-23 15:16:31'),
(49, 'ATK5201', NULL, '2024-06-22', 1, 'pengeluaran', 'Penjualan barang tes- Bolpoint', 1, '', '0000-00-00 00:00:00'),
(50, 'ATK5201', NULL, '2024-06-22', 9, 'pengeluaran', 'Penjualan barang tes- Bolpoint', 9, '', '0000-00-00 00:00:00'),
(51, 'SNA7216', NULL, '2024-06-22', 1, 'pengeluaran', 'Penjualan barang tes- Eskrim', 1, '', '2024-06-23 15:16:31'),
(52, 'SNA7216', NULL, '2024-06-22', 1, 'pengeluaran', 'Penjualan barang tes- Eskrim', 1, '', '2024-06-23 15:16:31'),
(53, 'ATK5201', NULL, '2024-06-22', 1, 'pengeluaran', 'Penjualan barang tes- Bolpoint', 1, '', '0000-00-00 00:00:00'),
(54, 'SNA7216', NULL, '2024-06-23', 2, 'pengeluaran', 'Penjualan barang tes- Eskrim', 2, '', '2024-06-23 15:16:31'),
(55, 'BAH7376', NULL, '2024-06-23', 2, 'pengeluaran', 'Penjualan barang tes- Minyak goreng', 2, '', '0000-00-00 00:00:00'),
(56, 'OBA4331', '2024-07-01', NULL, 10, 'masuk', 'Penambahan stok.', 10, '', '0000-00-00 00:00:00'),
(57, 'OBA4331', NULL, '2024-07-04', 1, 'pengeluaran', 'Penjualan barang tes- Madu', 1, '', '0000-00-00 00:00:00'),
(58, 'BAH9438', '2024-07-08', NULL, 10, 'masuk', 'Penambahan stok.', 10, '', '0000-00-00 00:00:00'),
(59, 'SNA5565', '2024-07-08', NULL, 20, 'masuk', 'Penambahan stok.', 20, '', '0000-00-00 00:00:00'),
(60, 'BAH9438', NULL, '2024-07-08', 1, 'pengeluaran', 'Penjualan barang tes- Sabun', 1, '', '0000-00-00 00:00:00'),
(61, 'BAH9438', NULL, '2024-07-11', 9, 'pengeluaran', 'Penjualan barang tes- Sabun', 9, '', '0000-00-00 00:00:00'),
(62, 'OBA4331', NULL, '2024-07-11', 10, 'pengeluaran', 'Penjualan barang tes- Madu', 10, '', '0000-00-00 00:00:00'),
(63, 'SNA5565', NULL, '2024-07-11', 20, 'pengeluaran', 'Penjualan barang tes- Chitato', 20, '', '0000-00-00 00:00:00'),
(64, 'BAH9438', NULL, '2024-07-11', 23, 'pengeluaran', 'Penjualan barang tes- Sabun', 23, '', '0000-00-00 00:00:00'),
(65, 'OBA4331', NULL, '2024-07-11', 2, 'pengeluaran', 'Penjualan barang tes- Madu', 2, '', '0000-00-00 00:00:00'),
(66, 'BAH9438', NULL, '2024-07-14', 77, 'pengeluaran', 'Penjualan barang tes- Sabun', 77, '', '0000-00-00 00:00:00'),
(67, 'BAH9438', NULL, '2024-07-14', 1, 'pengeluaran', 'Penjualan barang tes- Sabun', 1, '', '0000-00-00 00:00:00');

-- --------------------------------------------------------

--
-- Struktur dari tabel `users`
--

CREATE TABLE `users` (
  `id` int(11) UNSIGNED NOT NULL,
  `email` varchar(255) NOT NULL,
  `username` varchar(30) DEFAULT NULL,
  `fullname` varchar(255) DEFAULT NULL,
  `foto` varchar(255) NOT NULL DEFAULT 'profil.svg',
  `password_hash` varchar(255) NOT NULL,
  `reset_hash` varchar(255) DEFAULT NULL,
  `reset_at` datetime DEFAULT NULL,
  `reset_expires` datetime DEFAULT NULL,
  `activate_hash` varchar(255) DEFAULT NULL,
  `status` varchar(255) DEFAULT NULL,
  `status_message` varchar(255) DEFAULT NULL,
  `active` tinyint(1) NOT NULL DEFAULT 0,
  `force_pass_reset` tinyint(1) NOT NULL DEFAULT 0,
  `created_at` datetime DEFAULT NULL,
  `updated_at` datetime DEFAULT NULL,
  `deleted_at` datetime DEFAULT NULL
) ENGINE=InnoDB DEFAULT CHARSET=utf8;

--
-- Dumping data untuk tabel `users`
--

INSERT INTO `users` (`id`, `email`, `username`, `fullname`, `foto`, `password_hash`, `reset_hash`, `reset_at`, `reset_expires`, `activate_hash`, `status`, `status_message`, `active`, `force_pass_reset`, `created_at`, `updated_at`, `deleted_at`) VALUES
(1, 'admin@gmail.com', 'admin', 'Admin', 'AdminFOTOadmin.jpg', '$2y$10$PVlRaK5qKEom7DkgtqdL.ucmoo4EwbD7JPC3zW5s0ghL2D9/V1CQy', NULL, NULL, NULL, NULL, NULL, NULL, 1, 0, '2023-10-02 17:15:56', '2024-04-17 19:56:48', NULL),
(14, 'kasir@gmail.com', 'kasir', NULL, 'KasirFOTOkasir.jpg', '$2y$10$8/oHH9bF5alsUROBEXtrreIBHTgWSB4KrfVjcR8nX3iSsTTJjJ5Lm', NULL, NULL, NULL, NULL, NULL, NULL, 1, 0, '2024-01-09 15:53:39', '2024-06-06 21:12:59', NULL),
(15, 'pemilik@gmail.com', 'pemilik', NULL, 'pegawaiFOTOpegawai1.png', '$2y$10$tBpr.1YSP4J..061PlRORe0IWlXY0WX04x.anXQVg0FHDA5hFEJq2', NULL, NULL, NULL, NULL, NULL, NULL, 1, 0, '2024-01-09 15:56:41', '2024-06-06 21:16:01', NULL),
(16, 'administrator@gmail.com', 'administrator', NULL, 'profil.svg', '$2y$10$fB0zLIk541Tn4UiPE7c84OVeJJrQw43jMR/w00kZlUZxHNyFkO6s2', NULL, NULL, NULL, NULL, NULL, NULL, 1, 0, '2024-02-19 06:36:43', '2024-02-19 06:36:43', NULL);

--
-- Indexes for dumped tables
--

--
-- Indeks untuk tabel `aset`
--
ALTER TABLE `aset`
  ADD PRIMARY KEY (`id_aset`);

--
-- Indeks untuk tabel `auth_activation_attempts`
--
ALTER TABLE `auth_activation_attempts`
  ADD PRIMARY KEY (`id`);

--
-- Indeks untuk tabel `auth_groups`
--
ALTER TABLE `auth_groups`
  ADD PRIMARY KEY (`id`);

--
-- Indeks untuk tabel `auth_groups_permissions`
--
ALTER TABLE `auth_groups_permissions`
  ADD KEY `auth_groups_permissions_permission_id_foreign` (`permission_id`),
  ADD KEY `group_id_permission_id` (`group_id`,`permission_id`);

--
-- Indeks untuk tabel `auth_groups_users`
--
ALTER TABLE `auth_groups_users`
  ADD KEY `auth_groups_users_user_id_foreign` (`user_id`),
  ADD KEY `group_id_user_id` (`group_id`,`user_id`);

--
-- Indeks untuk tabel `auth_logins`
--
ALTER TABLE `auth_logins`
  ADD PRIMARY KEY (`id`),
  ADD KEY `email` (`email`),
  ADD KEY `user_id` (`user_id`);

--
-- Indeks untuk tabel `auth_permissions`
--
ALTER TABLE `auth_permissions`
  ADD PRIMARY KEY (`id`);

--
-- Indeks untuk tabel `auth_reset_attempts`
--
ALTER TABLE `auth_reset_attempts`
  ADD PRIMARY KEY (`id`);

--
-- Indeks untuk tabel `auth_tokens`
--
ALTER TABLE `auth_tokens`
  ADD PRIMARY KEY (`id`),
  ADD KEY `auth_tokens_user_id_foreign` (`user_id`),
  ADD KEY `selector` (`selector`);

--
-- Indeks untuk tabel `auth_users_permissions`
--
ALTER TABLE `auth_users_permissions`
  ADD KEY `auth_users_permissions_permission_id_foreign` (`permission_id`),
  ADD KEY `user_id_permission_id` (`user_id`,`permission_id`);

--
-- Indeks untuk tabel `barang`
--
ALTER TABLE `barang`
  ADD PRIMARY KEY (`kode_barang`),
  ADD KEY `id_master_barang` (`nama_brg`),
  ADD KEY `id_satuan` (`id_satuan`);

--
-- Indeks untuk tabel `detail_master`
--
ALTER TABLE `detail_master`
  ADD PRIMARY KEY (`detail_master_id`),
  ADD KEY `master_barang` (`master_barang`);

--
-- Indeks untuk tabel `detail_penjualan_barang`
--
ALTER TABLE `detail_penjualan_barang`
  ADD PRIMARY KEY (`id`),
  ADD KEY `fk_permintaan_barang_barang` (`kode_barang`),
  ADD KEY `id_permintaan_barang` (`id_penjualan_barang`),
  ADD KEY `fk_kas` (`id_kas`),
  ADD KEY `fk_transaksi` (`id_transaksi`);

--
-- Indeks untuk tabel `detail_restok`
--
ALTER TABLE `detail_restok`
  ADD PRIMARY KEY (`id`),
  ADD KEY `id_restok` (`id_restok`),
  ADD KEY `kode_barang` (`kode_barang`);

--
-- Indeks untuk tabel `hutang`
--
ALTER TABLE `hutang`
  ADD PRIMARY KEY (`id_hutang`);

--
-- Indeks untuk tabel `inventaris`
--
ALTER TABLE `inventaris`
  ADD PRIMARY KEY (`kode_barang`),
  ADD KEY `id_satuan` (`id_satuan`),
  ADD KEY `id_master_barang` (`id_master_barang`);

--
-- Indeks untuk tabel `kas_toko`
--
ALTER TABLE `kas_toko`
  ADD PRIMARY KEY (`id_kas`);

--
-- Indeks untuk tabel `master_barang`
--
ALTER TABLE `master_barang`
  ADD PRIMARY KEY (`kode_brg`);

--
-- Indeks untuk tabel `migrations`
--
ALTER TABLE `migrations`
  ADD PRIMARY KEY (`id`);

--
-- Indeks untuk tabel `modal_toko`
--
ALTER TABLE `modal_toko`
  ADD PRIMARY KEY (`id_modal`);

--
-- Indeks untuk tabel `pelanggan`
--
ALTER TABLE `pelanggan`
  ADD PRIMARY KEY (`id_pelanggan`),
  ADD KEY `id_pelanggan` (`id_pelanggan`);

--
-- Indeks untuk tabel `pemasukan`
--
ALTER TABLE `pemasukan`
  ADD PRIMARY KEY (`id`),
  ADD KEY `fk_pemasukan_detail_penjualan` (`id_detail_penjualan_barang`),
  ADD KEY `id_kas` (`id_kas`);

--
-- Indeks untuk tabel `pembayaran_piutang`
--
ALTER TABLE `pembayaran_piutang`
  ADD PRIMARY KEY (`id_pembayaran_piutang`),
  ADD KEY `id_piutang` (`id_piutang`);

--
-- Indeks untuk tabel `pengeluaran`
--
ALTER TABLE `pengeluaran`
  ADD PRIMARY KEY (`id`),
  ADD KEY `id_saldo` (`id_saldo`),
  ADD KEY `fk_pengeluaran_kas` (`id_kas`);

--
-- Indeks untuk tabel `penjualan_barang`
--
ALTER TABLE `penjualan_barang`
  ADD PRIMARY KEY (`penjualan_barang_id`),
  ADD KEY `id_pelanggan` (`id_pelanggan`);

--
-- Indeks untuk tabel `perkiraan_penjualan`
--
ALTER TABLE `perkiraan_penjualan`
  ADD PRIMARY KEY (`id`),
  ADD KEY `perkiraan_penjualan_ibfk_1` (`kode_barang`),
  ADD KEY `id_satuan` (`id_satuan`);

--
-- Indeks untuk tabel `piutang`
--
ALTER TABLE `piutang`
  ADD PRIMARY KEY (`id_piutang`),
  ADD KEY `id_penjualan_barang` (`id_penjualan_barang`),
  ADD KEY `piutang_ibfk_2` (`id_pelanggan`);

--
-- Indeks untuk tabel `restok`
--
ALTER TABLE `restok`
  ADD PRIMARY KEY (`restok_id`),
  ADD KEY `id_supplier` (`id_supplier`);

--
-- Indeks untuk tabel `satuan`
--
ALTER TABLE `satuan`
  ADD PRIMARY KEY (`satuan_id`);

--
-- Indeks untuk tabel `supplier`
--
ALTER TABLE `supplier`
  ADD PRIMARY KEY (`id_supplier`);

--
-- Indeks untuk tabel `transaksi_barang`
--
ALTER TABLE `transaksi_barang`
  ADD PRIMARY KEY (`id`),
  ADD KEY `idx_kode_barang` (`kode_barang`),
  ADD KEY `idx_id` (`id`);

--
-- Indeks untuk tabel `users`
--
ALTER TABLE `users`
  ADD PRIMARY KEY (`id`),
  ADD UNIQUE KEY `email` (`email`),
  ADD UNIQUE KEY `username` (`username`);

--
-- AUTO_INCREMENT untuk tabel yang dibuang
--

--
-- AUTO_INCREMENT untuk tabel `aset`
--
ALTER TABLE `aset`
  MODIFY `id_aset` int(11) NOT NULL AUTO_INCREMENT, AUTO_INCREMENT=5;

--
-- AUTO_INCREMENT untuk tabel `auth_activation_attempts`
--
ALTER TABLE `auth_activation_attempts`
  MODIFY `id` int(11) UNSIGNED NOT NULL AUTO_INCREMENT;

--
-- AUTO_INCREMENT untuk tabel `auth_groups`
--
ALTER TABLE `auth_groups`
  MODIFY `id` int(11) UNSIGNED NOT NULL AUTO_INCREMENT, AUTO_INCREMENT=5;

--
-- AUTO_INCREMENT untuk tabel `auth_logins`
--
ALTER TABLE `auth_logins`
  MODIFY `id` int(11) UNSIGNED NOT NULL AUTO_INCREMENT, AUTO_INCREMENT=739;

--
-- AUTO_INCREMENT untuk tabel `auth_permissions`
--
ALTER TABLE `auth_permissions`
  MODIFY `id` int(11) UNSIGNED NOT NULL AUTO_INCREMENT, AUTO_INCREMENT=3;

--
-- AUTO_INCREMENT untuk tabel `auth_reset_attempts`
--
ALTER TABLE `auth_reset_attempts`
  MODIFY `id` int(11) UNSIGNED NOT NULL AUTO_INCREMENT;

--
-- AUTO_INCREMENT untuk tabel `auth_tokens`
--
ALTER TABLE `auth_tokens`
  MODIFY `id` int(11) UNSIGNED NOT NULL AUTO_INCREMENT;

--
-- AUTO_INCREMENT untuk tabel `detail_master`
--
ALTER TABLE `detail_master`
  MODIFY `detail_master_id` int(11) NOT NULL AUTO_INCREMENT, AUTO_INCREMENT=107;

--
-- AUTO_INCREMENT untuk tabel `detail_penjualan_barang`
--
ALTER TABLE `detail_penjualan_barang`
  MODIFY `id` int(11) NOT NULL AUTO_INCREMENT, AUTO_INCREMENT=10;

--
-- AUTO_INCREMENT untuk tabel `detail_restok`
--
ALTER TABLE `detail_restok`
  MODIFY `id` int(11) NOT NULL AUTO_INCREMENT, AUTO_INCREMENT=11;

--
-- AUTO_INCREMENT untuk tabel `hutang`
--
ALTER TABLE `hutang`
  MODIFY `id_hutang` int(11) NOT NULL AUTO_INCREMENT, AUTO_INCREMENT=5;

--
-- AUTO_INCREMENT untuk tabel `kas_toko`
--
ALTER TABLE `kas_toko`
  MODIFY `id_kas` int(11) NOT NULL AUTO_INCREMENT, AUTO_INCREMENT=289;

--
-- AUTO_INCREMENT untuk tabel `migrations`
--
ALTER TABLE `migrations`
  MODIFY `id` bigint(20) UNSIGNED NOT NULL AUTO_INCREMENT, AUTO_INCREMENT=2;

--
-- AUTO_INCREMENT untuk tabel `modal_toko`
--
ALTER TABLE `modal_toko`
  MODIFY `id_modal` int(11) NOT NULL AUTO_INCREMENT, AUTO_INCREMENT=5;

--
-- AUTO_INCREMENT untuk tabel `pelanggan`
--
ALTER TABLE `pelanggan`
  MODIFY `id_pelanggan` int(11) NOT NULL AUTO_INCREMENT, AUTO_INCREMENT=5;

--
-- AUTO_INCREMENT untuk tabel `pemasukan`
--
ALTER TABLE `pemasukan`
  MODIFY `id` int(11) NOT NULL AUTO_INCREMENT, AUTO_INCREMENT=63;

--
-- AUTO_INCREMENT untuk tabel `pembayaran_piutang`
--
ALTER TABLE `pembayaran_piutang`
  MODIFY `id_pembayaran_piutang` int(11) NOT NULL AUTO_INCREMENT, AUTO_INCREMENT=36;

--
-- AUTO_INCREMENT untuk tabel `pengeluaran`
--
ALTER TABLE `pengeluaran`
  MODIFY `id` int(11) NOT NULL AUTO_INCREMENT, AUTO_INCREMENT=85;

--
-- AUTO_INCREMENT untuk tabel `perkiraan_penjualan`
--
ALTER TABLE `perkiraan_penjualan`
  MODIFY `id` int(11) NOT NULL AUTO_INCREMENT, AUTO_INCREMENT=44;

--
-- AUTO_INCREMENT untuk tabel `piutang`
--
ALTER TABLE `piutang`
  MODIFY `id_piutang` int(11) NOT NULL AUTO_INCREMENT, AUTO_INCREMENT=24;

--
-- AUTO_INCREMENT untuk tabel `satuan`
--
ALTER TABLE `satuan`
  MODIFY `satuan_id` int(11) NOT NULL AUTO_INCREMENT, AUTO_INCREMENT=24;

--
-- AUTO_INCREMENT untuk tabel `supplier`
--
ALTER TABLE `supplier`
  MODIFY `id_supplier` int(11) NOT NULL AUTO_INCREMENT, AUTO_INCREMENT=6;

--
-- AUTO_INCREMENT untuk tabel `transaksi_barang`
--
ALTER TABLE `transaksi_barang`
  MODIFY `id` int(11) NOT NULL AUTO_INCREMENT, AUTO_INCREMENT=68;

--
-- Ketidakleluasaan untuk tabel pelimpahan (Dumped Tables)
--

--
-- Ketidakleluasaan untuk tabel `detail_penjualan_barang`
--
ALTER TABLE `detail_penjualan_barang`
  ADD CONSTRAINT `fk_kas` FOREIGN KEY (`id_kas`) REFERENCES `kas_toko` (`id_kas`);

--
-- Ketidakleluasaan untuk tabel `pembayaran_piutang`
--
ALTER TABLE `pembayaran_piutang`
  ADD CONSTRAINT `pembayaran_piutang_ibfk_1` FOREIGN KEY (`id_piutang`) REFERENCES `piutang` (`id_piutang`);

--
-- Ketidakleluasaan untuk tabel `piutang`
--
ALTER TABLE `piutang`
  ADD CONSTRAINT `piutang_ibfk_2` FOREIGN KEY (`id_pelanggan`) REFERENCES `pelanggan` (`id_pelanggan`) ON DELETE CASCADE;
COMMIT;

/*!40101 SET CHARACTER_SET_CLIENT=@OLD_CHARACTER_SET_CLIENT */;
/*!40101 SET CHARACTER_SET_RESULTS=@OLD_CHARACTER_SET_RESULTS */;
/*!40101 SET COLLATION_CONNECTION=@OLD_COLLATION_CONNECTION */;
